Workbook
Name __xlfn_IFERROR: #N/A
Name _3_RESUMEN_DE_CASOS_RECIBIDOS_Y_ATENDIDO: #REF!
Name ACTUALIZADO_25_08_2025: 'PRTSEN YARACUY (ACTUALIZADO)'!$A$73:$AG$73
Name AISLADORES_Y_COPAS: #REF!
Name ALCANCE_DEL_PROYECTO: 'PRTSEN YARACUY (ACTUALIZADO)'!$D$2:$D$73
Name ALUMBRADO_PUBLICO: #REF!
Name AÑO_DE_ATENCIÓN: 'PRTSEN YARACUY (ACTUALIZADO)'!$T$2:$T$73
Name CAPACIDAD__MVA__KM__MVAR: 'PRTSEN YARACUY (ACTUALIZADO)'!$O$2:$O$73
Name CATEGORIA: #REF!
Name DESCRIPCION_DEL_PROYECTO: 'PRTSEN YARACUY (ACTUALIZADO)'!$C$2:$C$73
Name DESEMBOLSO___2025: 'PRTSEN YARACUY (ACTUALIZADO)'!$W$2:$W$73
Name DESEMBOLSO___2026: 'PRTSEN YARACUY (ACTUALIZADO)'!$X$2:$X$73
Name DESEMBOLSO___2027: 'PRTSEN YARACUY (ACTUALIZADO)'!$Y$2:$Y$73
Name DESEMBOLSO___2028: 'PRTSEN YARACUY (ACTUALIZADO)'!$Z$2:$Z$73
Name DESEMBOLSO___2029: 'PRTSEN YARACUY (ACTUALIZADO)'!$AA$2:$AA$73
Name DESEMBOLSO___2030: 'PRTSEN YARACUY (ACTUALIZADO)'!$AB$2:$AB$73
Name DESEMBOLSO___2031: 'PRTSEN YARACUY (ACTUALIZADO)'!$AC$2:$AC$73
Name DIRECCION_DE_LA_INSTACION: 'PRTSEN YARACUY (ACTUALIZADO)'!$R$2:$R$73
Name ESTADO: 'PRTSEN YARACUY (ACTUALIZADO)'!$P$2:$P$73
Name ESTATUS_DEL_PROYECTO__EN_EJECUCION__POR_EJECUTAR__PARALIZADO__EJECUTADO: 'PRTSEN YARACUY (ACTUALIZADO)'!$J$2:$J$73
Name EXTCATEG_H: [1]EXTCATEG!$B$2:$B$30
Name FAMILIAS: #REF!
Name FASE_DEL_PROYECTO__CON_INGENIERIA__DETALLE__CON_IINGENIERIA_CONCEPTUAL__EN_PLANIFICACION: 'PRTSEN YARACUY (ACTUALIZADO)'!$I$2:$I$73
Name FECHA_ACTUALIZACION_DE_LOS_PROYECTOS: 'PRTSEN YARACUY (ACTUALIZADO)'!$AH$2:$AH$73
Name FECHA_DE_ATENCION: 'PRTSEN YARACUY (ACTUALIZADO)'!$S$2:$S$73
Name FECHA_FIN_DEL_PROYECTO: 'PRTSEN YARACUY (ACTUALIZADO)'!$V$2:$V$73
Name FECHA_INICIO_DEL_PROYECTO: 'PRTSEN YARACUY (ACTUALIZADO)'!$U$2:$U$73
Name FEDERAL: '[2]RESUMEN ESTADO'!$A$10:$A$35
Name IMPACTO_PARA_EL_SEN___BENEFICIOS: 'PRTSEN YARACUY (ACTUALIZADO)'!$F$2:$F$73
Name Ingenieria: [3]VAR!$A$2:$A$10
Name LAPSO_DE_EJECUCION_DEL_PROYECTO___EN_NRO_DE__MESES: 'PRTSEN YARACUY (ACTUALIZADO)'!$H$2:$H$73
Name MONTO_INVERSIÓN: 'PRTSEN YARACUY (ACTUALIZADO)'!$G$2:$G$73
Name MUNICIPIO: 'PRTSEN YARACUY (ACTUALIZADO)'!$Q$2:$Q$73
Name N°: 'PRTSEN YARACUY (ACTUALIZADO)'!$A$2:$A$73
Name NIVEL_DE_TENSION_DE_LA_INSTALACION: 'PRTSEN YARACUY (ACTUALIZADO)'!$M$2:$M$73
Name NIVELTENSION: [4]LISTA!$A$2:$A$10
Name NIVELTENSION: [5]LISTA!$A$2:$A$10
Name NOMBRE_DE_LA_INSTALACION: 'PRTSEN YARACUY (ACTUALIZADO)'!$L$2:$L$73
Name NOMBRE_DEL_PROYECTO: 'PRTSEN YARACUY (ACTUALIZADO)'!$B$2:$B$73
Name OBSERVACION1: 'PRTSEN YARACUY (ACTUALIZADO)'!$AF$2:$AF$73
Name OBSERVACION2: 'PRTSEN YARACUY (ACTUALIZADO)'!$AG$2:$AG$73
Name PRT_ESTADO_NNN: 'PRTSEN YARACUY (ACTUALIZADO)'!$AD$2:$AD$73
Name SITUACION_ACTUAL_DEL_PROYECTO: 'PRTSEN YARACUY (ACTUALIZADO)'!$E$2:$E$73
Name TIPO: 'PRTSEN YARACUY (ACTUALIZADO)'!$AE$2:$AE$73
Name TIPO_DE_INSTALACION: 'PRTSEN YARACUY (ACTUALIZADO)'!$K$2:$K$73
Name UNIDAD: #REF!
Name UNIDAD_DE_MEDIDA____MVA__MW__km: 'PRTSEN YARACUY (ACTUALIZADO)'!$N$2:$N$73

Sheet PRTSEN YARACUY (ACTUALIZADO)
A1: N° | B1: NOMBRE DEL PROYECTO | C1: DESCRIPCION DEL PROYECTO | D1: ALCANCE DEL PROYECTO | E1: SITUACION ACTUAL DEL PROYECTO | F1: IMPACTO PARA EL SEN (BENEFICIOS) | G1: MONTO INVERSIÓN | H1: LAPSO DE EJECUCION DEL PROYECTO ( EN NRO DE MESES) | I1: FASE DEL PROYECTO (CON INGENIERIA DETALLE, CON IINGENIERIA CONCEPTUAL, EN PLANIFICACION) | J1: ESTATUS DEL PROYECTO (EN EJECUCION, POR EJECUTAR, PARALIZADO, EJECUTADO) | K1: TIPO DE INSTALACION | L1: NOMBRE DE LA INSTALACION | M1: NIVEL DE TENSION DE LA INSTALACION | N1: UNIDAD DE MEDIDA ( MVA, MW, km) | O1: CAPACIDAD (MVA, KM, MVAR) | P1: ESTADO | Q1: MUNICIPIO | R1: DIRECCION DE LA INSTACION | S1: FECHA DE ATENCION | T1: AÑO DE ATENCIÓN | U1: FECHA INICIO DEL PROYECTO | V1: FECHA FIN DEL PROYECTO | W1: DESEMBOLSO $ 2025 | X1: DESEMBOLSO $ 2026 | Y1: DESEMBOLSO $ 2027 | Z1: DESEMBOLSO $ 2028 | AA1: DESEMBOLSO $ 2029 | AB1: DESEMBOLSO $ 2030 | AC1: DESEMBOLSO $ 2031 | AD1: PRT-ESTADO-NNN | AE1: TIPO | AF1: OBSERVACIONES | AG1: OBSERVACION2 | AH1: FECHA ACTUALIZACION DE LOS PROYECTOS
A2: 705 | B2: INSTALACIÓN DE 4 RECONECTADORES EN LA RED DE M.T S/E AROA 13.8 KV | C2: INSTALACIÓN DE 4 RECONECTADOR EN S/E AROA SALIDAS DE LOS CTOS: AROA, CARABOBO, CAYURE Y LAS CUMARAGUAS. | D2: PARA LA SALIDA (PÓRTICOS) DE LOS CTOS: AROA, CARABOBO, CAYURE Y LAS CUMARAGUAS. RECONECTADOR AUTOMÁTICO. TENSIÓN NOMINAL 15.6KV, CORRIENTE NOMINAL 650 AMP, CORRIENTE DE FALLA 40KA | E2: PENDIENTE | F2: LA INSTALACIÓN DE RECONECTADORES AUTOMÁTICOS EN REDES AÉREAS *PERMITE LA AUTOMATIZACIÓN Y MONITOREO DEL SISTEMA ELÉCTRICO, MEJORANDO LA DETECCIÓN Y RECUPERACIÓN ANTE FALLAS*. ESTO OPTIMIZA LA CONTINUIDAD DEL SERVICIO, REDUCE TIEMPOS DE INTERRUPCIÓN Y MINIMIZA EL IMPACTO DE EVENTOS TRANSITORIOS, GARANTIZANDO MAYOR ESTABILIDAD Y EFICIENCIA OPERATIVA EN LA RED | G2: 300000 | H2: 6 | I2: EN PLANIFICACION | J2: POR EJECUTAR | K2: CIRCUITO | L2: AROA | M2: 13,8 KV | N2: MVA | O2: 14 | P2: YARACUY | Q2: BOLÍVAR | R2: AROA | S2: 05/2026 | T2: 2026 | U2: 3/3/2026 | V2: 3/9/2026 | X2: 300000 | AD2: =+"PRT-"&P2&"-"&AI2 -> PRT-YARACUY-1 | AE2: CNO | AH2: ACTUALIZADO 25/08/2025 | AI2: 1
A3: 706 | B3: REHABILITACIÓN INTERRUPTOR DE LOS CTOS. EL GUAYABO Y MORCAPEL DE S/E CARBONERO | C3: INSTALACIÓN DE SISTEMAS DE INTERRUPTORES Y CONTROLES CELDAS EN MT 12,47 | D3: Instalación de interruptores y controles en celdas MT 12,47 kV, con integración a sistemas de monitoreo, optimizando la protección, maniobrabilidad y respuesta ante fallas en la red eléctrica. | E3: PENDIENTE | F3: La instalación de sistemas de interruptores y controles en celdas de MT 12,47 kV mejora la fiabilidad y seguridad del suministro eléctrico en el municipio Veroes, Yaracuy. Este tipo de infraestructura permite una mejor coordinación de protecciones, reduciendo fallas y tiempos de interrupción. Además, optimiza la distribución de energía, asegurando una operación más eficiente y estable para las comunidades beneficiadas. | G3: 351760 | H3: 6 | I3: EN PLANIFICACION | J3: POR EJECUTAR | K3: CIRCUITO | L3: CARBONERO | M3: 12.47 | N3: MVA | O3: 10 | P3: YARACUY | Q3: VEROES | R3: SAN FELIPE | S3: 05/2026 | T3: 2026 | U3: 3/3/2026 | V3: 3/9/2026 | X3: 351760 | AD3: =+"PRT-"&P3&"-"&AI3 -> PRT-YARACUY-2 | AE3: CNO | AH3: ACTUALIZADO 25/08/2025 | AI3: =+AI2+1 -> 2
A4: 707 | B4: INSTALACIÓN DE 1 RECONECTADORES EN LA RED DE M.T CTO. ZONA INDUSTRIAL SABANA DE PARRA, S/E SABANA DE PARRA 13.8 KV | C4: INSTALACIÓN DE 1 RECONECTADOR CTO. ZONA IND SABANA DE PARRA | D4: SUSTITUCIÓN DEL RECONECTADOR CTO. ZONA IND SABANA DE PARRA. INTERRUPTOR RECONECTADOR DAÑADO. LA CARGA ES TRANSFERIDA AL CTO. SABANA DE PARRA.. | E4: PENDIENTE | F4: LA INSTALACIÓN DE RECONECTADORES AUTOMÁTICOS EN REDES AÉREAS *PERMITE LA AUTOMATIZACIÓN Y MONITOREO DEL SISTEMA ELÉCTRICO, MEJORANDO LA DETECCIÓN Y RECUPERACIÓN ANTE FALLAS*. ESTO OPTIMIZA LA CONTINUIDAD DEL SERVICIO, REDUCE TIEMPOS DE INTERRUPCIÓN Y MINIMIZA EL IMPACTO DE EVENTOS TRANSITORIOS, GARANTIZANDO MAYOR ESTABILIDAD Y EFICIENCIA OPERATIVA EN LA RED | G4: 75000 | H4: 1 | I4: EN PLANIFICACION | J4: POR EJECUTAR | K4: CIRCUITO | L4: ZONA IND SABANA DE PARRA | M4: 13,8 KV | N4: MVA | O4: 4 | P4: YARACUY | Q4: JOSE ANTONIO PAÉZ | R4: S/E SABANA DE PARRA | S4: 03/2026 | T4: 2026 | U4: 3/3/2026 | V4: 3/4/2026 | X4: 75000 | AD4: =+"PRT-"&P4&"-"&AI4 -> PRT-YARACUY-3 | AE4: CNO | AH4: ACTUALIZADO 25/08/2025 | AI4: =+AI3+1 -> 3
A5: 708 | B5: ADECUACIÓN CAMBIO DE CALIBRE CTO. SAN PABLO | C5: CAMBIO DE CALIBRE CIRCUITO SAN PABLO EN 12,47 KV. S/E INDEPENDENCIA | D5: CAMBIO DE CALIBRE CIRCUITO SAN PABLO (SAN FELIPE D01) EN 12,47 KV DE APROXIMADO 4 KM POR OBSOLESCENCIA. S/E SAN FELIPE 2 | E5: PENDIENTE | F5: EL PROYECTO DE ADECUACIÓN DE LÍNEAS DE MEDIA TENSIÓN OPTIMIZA LA INFRAESTRUCTURA ELÉCTRICA MEDIANTE LA MODERNIZACIÓN DE CONDUCTORES, ESTRUCTURAS Y AISLADORES, MEJORANDO LA CAPACIDAD DE CARGA Y REDUCIENDO PÉRDIDAS POR EFECTO JOULE. SU IMPACTO SE TRADUCE EN *MAYOR EFICIENCIA ENERGÉTICA, REDUCCIÓN DE FALLAS Y AUMENTO DE LA CONFIABILIDAD DEL SISTEMA*, BENEFICIANDO TANTO A USUARIOS INDUSTRIALES COMO RESIDENCIALES, AL GARANTIZAR UNA DISTRIBUCIÓN ESTABLE Y SEGURA DE LA ENERGÍA. ADEMÁS, DISMINUYE COSTOS DE MANTENIMIENTO Y CONTRIBUYE A LA SOSTENIBILIDAD DEL SERVICIO ELÉCTRICO. | G5: 152930 | H5: 3 | I5: INGENIERIA CONCEPTUAL | J5: POR EJECUTAR | K5: CIRCUITO | L5: INDEPENDENCIA | M5: 12,47 KV | N5: KM | O5: 4 | P5: YARACUY | Q5: ARISTIDES BASTIDAS | R5: SAN FELIPE | S5: 11/2025 | T5: 2026 | X5: 152930 | AD5: =+"PRT-"&P5&"-"&AI5 -> PRT-YARACUY-4 | AE5: COP | AH5: ACTUALIZADO 25/08/2025 | AI5: =+AI4+1 -> 4
A6: 709 | B6: ADECUACIÓN CAMBIO DE CALIBRE CTO. CARABOBO | C6: CAMBIO DE CALIBRE CIRCUITO CARABOBO EN 13,8 KV. S/E AROA | D6: CAMBIO DE CALIBRE AL CIRCUITO CARABOBO EN NIVEL DE TENSIÓN 13,8 KV DE 4.85 KM. CONDUCTOR 2/0 AL DESDE LOS UREROS - LA VACA – BARLOVENTO. CAMBIO DE 10.5 KM A CALIBRE 2/0 AL DESDE SUBIDA A ARAKAL HASTA EL TIGRE. S/E AROA | E6: PENDIENTE | F6: EL PROYECTO DE ADECUACIÓN DE LÍNEAS DE MEDIA TENSIÓN OPTIMIZA LA INFRAESTRUCTURA ELÉCTRICA MEDIANTE LA MODERNIZACIÓN DE CONDUCTORES, ESTRUCTURAS Y AISLADORES, MEJORANDO LA CAPACIDAD DE CARGA Y REDUCIENDO PÉRDIDAS POR EFECTO JOULE. SU IMPACTO SE TRADUCE EN *MAYOR EFICIENCIA ENERGÉTICA, REDUCCIÓN DE FALLAS Y AUMENTO DE LA CONFIABILIDAD DEL SISTEMA*, BENEFICIANDO TANTO A USUARIOS INDUSTRIALES COMO RESIDENCIALES, AL GARANTIZAR UNA DISTRIBUCIÓN ESTABLE Y SEGURA DE LA ENERGÍA. ADEMÁS, DISMINUYE COSTOS DE MANTENIMIENTO Y CONTRIBUYE A LA SOSTENIBILIDAD DEL SERVICIO ELÉCTRICO. | G6: 185427.62 | H6: 2 | I6: INGENIERIA CONCEPTUAL | J6: POR EJECUTAR | K6: CIRCUITO | L6: AROA | M6: 13,8 KV | N6: KM | O6: 4.85 | P6: YARACUY | Q6: BOLÍVAR | R6: AROA | S6: 11/2025 | T6: 2026 | X6: 185427.62 | AD6: =+"PRT-"&P6&"-"&AI6 -> PRT-YARACUY-5 | AE6: COP | AH6: ACTUALIZADO 25/08/2025 | AI6: =+AI5+1 -> 5
A7: 710 | B7: ADECUACIÓN CAMBIO DE CALIBRE CTO HIGUERÓN | C7: CAMBIO DE CALIBRE CIRCUITO HIGUERÓN A 366 MCM. S/E INDEPENDENCIA | D7: CAMBIO DE CALIBRE CIRCUITO SAN FELIPE C02 EN 12,47 KV A CONDUCTOR 366 MCM. S/E SAN FELIPE 2. 3.5 KM. | E7: PENDIENTE | F7: EL PROYECTO DE ADECUACIÓN DE LÍNEAS DE MEDIA TENSIÓN OPTIMIZA LA INFRAESTRUCTURA ELÉCTRICA MEDIANTE LA MODERNIZACIÓN DE CONDUCTORES, ESTRUCTURAS Y AISLADORES, MEJORANDO LA CAPACIDAD DE CARGA Y REDUCIENDO PÉRDIDAS POR EFECTO JOULE. SU IMPACTO SE TRADUCE EN *MAYOR EFICIENCIA ENERGÉTICA, REDUCCIÓN DE FALLAS Y AUMENTO DE LA CONFIABILIDAD DEL SISTEMA*, BENEFICIANDO TANTO A USUARIOS INDUSTRIALES COMO RESIDENCIALES, AL GARANTIZAR UNA DISTRIBUCIÓN ESTABLE Y SEGURA DE LA ENERGÍA. ADEMÁS, DISMINUYE COSTOS DE MANTENIMIENTO Y CONTRIBUYE A LA SOSTENIBILIDAD DEL SERVICIO ELÉCTRICO. | G7: 133813.75 | H7: 3 | I7: INGENIERIA CONCEPTUAL | J7: POR EJECUTAR | K7: CIRCUITO | L7: INDEPENDENCIA | M7: 12,47 KV | N7: KM | O7: 3.5 | P7: YARACUY | Q7: SAN FELIPE | R7: SAN FELIPE | S7: 11/2025 | T7: 2026 | X7: 133813.75 | AD7: =+"PRT-"&P7&"-"&AI7 -> PRT-YARACUY-6 | AE7: COP | AH7: ACTUALIZADO 25/08/2025 | AI7: =+AI6+1 -> 6
A8: 711 | B8: ADECUACIÓN BT AROA, YUMARE Y PALMA SOLA | C8: MEJORAS EN SECTORES DE BT EN: AROA, YUMARE Y PALMA SOLA | D8: MEJORAS EN LA RED DE BT SECTORES: CASCO CENTRAL AROA, YUMARE CENTRO, PUEBLO NUEVO. | E8: PENDIENTE | F8: EL PROYECTO DE ADECUACIÓN DE LÍNEAS DE MEDIA TENSIÓN OPTIMIZA LA INFRAESTRUCTURA ELÉCTRICA MEDIANTE LA MODERNIZACIÓN DE CONDUCTORES, ESTRUCTURAS Y AISLADORES, MEJORANDO LA CAPACIDAD DE CARGA Y REDUCIENDO PÉRDIDAS POR EFECTO JOULE. SU IMPACTO SE TRADUCE EN *MAYOR EFICIENCIA ENERGÉTICA, REDUCCIÓN DE FALLAS Y AUMENTO DE LA CONFIABILIDAD DEL SISTEMA*, BENEFICIANDO TANTO A USUARIOS INDUSTRIALES COMO RESIDENCIALES, AL GARANTIZAR UNA DISTRIBUCIÓN ESTABLE Y SEGURA DE LA ENERGÍA. ADEMÁS, DISMINUYE COSTOS DE MANTENIMIENTO Y CONTRIBUYE A LA SOSTENIBILIDAD DEL SERVICIO ELÉCTRICO. | G8: 217912.31 | H8: 4 | I8: INGENIERIA CONCEPTUAL | J8: POR EJECUTAR | K8: CIRCUITO | L8: AROA, PALMA SOLA | M8: 120/240/208 | N8: KM | O8: 1.5 | P8: YARACUY | Q8: BOLIVAR, MANUEL MONGE Y VEROES (PUEBLO NUEVO) Y PALMA SOLA (FALCÓN) | R8: AROA | S8: 11/2025 | T8: 2026 | X8: 217912.31 | AD8: =+"PRT-"&P8&"-"&AI8 -> PRT-YARACUY-7 | AE8: COP | AH8: ACTUALIZADO 25/08/2025 | AI8: =+AI7+1 -> 7
A9: 712 | B9: ADECUACIÓN CAMBIO DE CALIBRE CTO . YRTG SUR Y NORTE | C9: CAMBIO DE CALIBRE CIRCUITOS YARITAGUA NORTE Y YARITAGUA SUR. S/E YARITAGUA | D9: CAMBIO DE CALIBRE EN CIRCUITOS YARITAGUA NORTE Y SUR (13,8 KV). CAMBIO DE AL 1/0 Y CU # 2 A 336 DE 0,693 KM TRAMO DESDE LA S/E YARITAGUA HASTA LA CALLE 21 CON CARRERA 8. | E9: PENDIENTE | F9: EL PROYECTO DE ADECUACIÓN DE LÍNEAS DE MEDIA TENSIÓN OPTIMIZA LA INFRAESTRUCTURA ELÉCTRICA MEDIANTE LA MODERNIZACIÓN DE CONDUCTORES, ESTRUCTURAS Y AISLADORES, MEJORANDO LA CAPACIDAD DE CARGA Y REDUCIENDO PÉRDIDAS POR EFECTO JOULE. SU IMPACTO SE TRADUCE EN *MAYOR EFICIENCIA ENERGÉTICA, REDUCCIÓN DE FALLAS Y AUMENTO DE LA CONFIABILIDAD DEL SISTEMA*, BENEFICIANDO TANTO A USUARIOS INDUSTRIALES COMO RESIDENCIALES, AL GARANTIZAR UNA DISTRIBUCIÓN ESTABLE Y SEGURA DE LA ENERGÍA. ADEMÁS, DISMINUYE COSTOS DE MANTENIMIENTO Y CONTRIBUYE A LA SOSTENIBILIDAD DEL SERVICIO ELÉCTRICO. | G9: 26495.123 | H9: 1 | I9: INGENIERIA CONCEPTUAL | J9: POR EJECUTAR | K9: CIRCUITO | L9: YARITAGUA SUR Y YARITAGUA NORTE | M9: 13,8 KV | N9: KM | O9: 0.693 | P9: YARACUY | Q9: PEÑA | R9: YARITAGUA | S9: 10/2025 | T9: 2026 | X9: 26495.123 | AD9: =+"PRT-"&P9&"-"&AI9 -> PRT-YARACUY-8 | AE9: COP | AH9: ACTUALIZADO 25/08/2025 | AI9: =+AI8+1 -> 8
A10: 713 | B10: ADECUACIÓN CAMBIO DE CALIBRE CTO. CENTRO | C10: CAMBIO DE CALIBRE CTO. CENTRO POR OBSOLESCENCIA. S/E INDEPENDENCIA | D10: CAMBIO DE CALIBRE EN CIRCUITO CENTRO (12,47 KV) EN TRAMO DE UN APROXIMADO DE 5 KM DE LINEA POR OBSOLESCENCIA. S/E SAN FELIPE 2 | E10: PENDIENTE | F10: EL PROYECTO DE ADECUACIÓN DE LÍNEAS DE MEDIA TENSIÓN OPTIMIZA LA INFRAESTRUCTURA ELÉCTRICA MEDIANTE LA MODERNIZACIÓN DE CONDUCTORES, ESTRUCTURAS Y AISLADORES, MEJORANDO LA CAPACIDAD DE CARGA Y REDUCIENDO PÉRDIDAS POR EFECTO JOULE. SU IMPACTO SE TRADUCE EN *MAYOR EFICIENCIA ENERGÉTICA, REDUCCIÓN DE FALLAS Y AUMENTO DE LA CONFIABILIDAD DEL SISTEMA*, BENEFICIANDO TANTO A USUARIOS INDUSTRIALES COMO RESIDENCIALES, AL GARANTIZAR UNA DISTRIBUCIÓN ESTABLE Y SEGURA DE LA ENERGÍA. ADEMÁS, DISMINUYE COSTOS DE MANTENIMIENTO Y CONTRIBUYE A LA SOSTENIBILIDAD DEL SERVICIO ELÉCTRICO. | G10: 191162.5 | H10: 4 | I10: INGENIERIA CONCEPTUAL | J10: POR EJECUTAR | K10: CIRCUITO | L10: INDEPENDENCIA | M10: 12,47 KV | N10: KM | O10: 5 | P10: YARACUY | Q10: SAN FELIPE | R10: SAN FELIPE | S10: 01/2026 | T10: 2026 | U10: 3/3/2026 | V10: 3/7/2026 | X10: 191162.5 | AD10: =+"PRT-"&P10&"-"&AI10 -> PRT-YARACUY-9 | AE10: COP | AH10: ACTUALIZADO 25/08/2025 | AI10: =+AI9+1 -> 9
A11: 714 | B11: ADECUACIÓN CAMBIO DE CALIBRE CTO. DUACA, MANZANITA Y CORPOVEN | C11: CAMBIO DE CALIBRE CIRCUITOS EN 13,8 KV DUACA, MANZANITA (TRAMO E/S-LAS CANARIAS), ZONA INDUSTRIAL, CORPOVEN. S/E YARITAGUA. | D11: CAMBIO DE CALIBRE CIRCUITOS EN 13,8 KV DUACA, MANZANITA (TRAMO E/S-LAS CANARIAS), ZONA INDUSTRIAL, CORPOVEN. S/E YARITAGUA. 4.5 KM | E11: PENDIENTE | F11: EL PROYECTO DE ADECUACIÓN DE LÍNEAS DE MEDIA TENSIÓN OPTIMIZA LA INFRAESTRUCTURA ELÉCTRICA MEDIANTE LA MODERNIZACIÓN DE CONDUCTORES, ESTRUCTURAS Y AISLADORES, MEJORANDO LA CAPACIDAD DE CARGA Y REDUCIENDO PÉRDIDAS POR EFECTO JOULE. SU IMPACTO SE TRADUCE EN *MAYOR EFICIENCIA ENERGÉTICA, REDUCCIÓN DE FALLAS Y AUMENTO DE LA CONFIABILIDAD DEL SISTEMA*, BENEFICIANDO TANTO A USUARIOS INDUSTRIALES COMO RESIDENCIALES, AL GARANTIZAR UNA DISTRIBUCIÓN ESTABLE Y SEGURA DE LA ENERGÍA. ADEMÁS, DISMINUYE COSTOS DE MANTENIMIENTO Y CONTRIBUYE A LA SOSTENIBILIDAD DEL SERVICIO ELÉCTRICO. | G11: 172046.25 | H11: 1 | I11: INGENIERIA CONCEPTUAL | J11: POR EJECUTAR | K11: CIRCUITO | L11: DUACA, MANZANITA Y CORPOVEN | M11: 13,8 KV | N11: KM | O11: 4.5 | P11: YARACUY | Q11: PEÑA | R11: YARITAGUA | S11: 01/2026 | T11: 2026 | U11: 3/3/2026 | V11: 3/4/2026 | X11: 172046.25 | AD11: =+"PRT-"&P11&"-"&AI11 -> PRT-YARACUY-10 | AE11: COP | AH11: ACTUALIZADO 25/08/2025 | AI11: =+AI10+1 -> 10
A12: 715 | B12: ADECUACIÓN CAMBIO DE CALIBRE CTO. LAS CUMARAGUAS | C12: CAMBIO DE CALIBRE CIRCUITO LAS CUMARAGUAS. S/E AROA | D12: CAMBIO DE CALIBRE CIRCUITO LAS CUMARAGUAS 13,8 KV DE 12 KM. CONDUCTOR 4/0 AL DESDE MINAS DE AROA HASTA SECTOR MILLA. S/E AROA | E12: PENDIENTE | F12: EL PROYECTO DE ADECUACIÓN DE LÍNEAS DE MEDIA TENSIÓN OPTIMIZA LA INFRAESTRUCTURA ELÉCTRICA MEDIANTE LA MODERNIZACIÓN DE CONDUCTORES, ESTRUCTURAS Y AISLADORES, MEJORANDO LA CAPACIDAD DE CARGA Y REDUCIENDO PÉRDIDAS POR EFECTO JOULE. SU IMPACTO SE TRADUCE EN *MAYOR EFICIENCIA ENERGÉTICA, REDUCCIÓN DE FALLAS Y AUMENTO DE LA CONFIABILIDAD DEL SISTEMA*, BENEFICIANDO TANTO A USUARIOS INDUSTRIALES COMO RESIDENCIALES, AL GARANTIZAR UNA DISTRIBUCIÓN ESTABLE Y SEGURA DE LA ENERGÍA. ADEMÁS, DISMINUYE COSTOS DE MANTENIMIENTO Y CONTRIBUYE A LA SOSTENIBILIDAD DEL SERVICIO ELÉCTRICO. | G12: 458790 | H12: 5 | I12: INGENIERIA CONCEPTUAL | J12: POR EJECUTAR | K12: CIRCUITO | L12: AROA | M12: 13,8 KV | N12: KM | O12: 12 | P12: YARACUY | Q12: BOLÍVAR | R12: AROA | S12: 05/2026 | T12: 2026 | U12: 3/3/2026 | V12: 3/8/2026 | X12: 458790 | AD12: =+"PRT-"&P12&"-"&AI12 -> PRT-YARACUY-11 | AE12: COP | AH12: ACTUALIZADO 25/08/2025 | AI12: =+AI11+1 -> 11
A13: 716 | B13: ADECUACIÓN CAMBIO DE CALIBRE CTO. COCOROTE | C13: CAMBIO DE CALIBRE 4/0 A 366 Y EXTENSIÓN CIRCUITO COCOROTE. S/E INDEPENDENCIA | D13: CAMBIO DE CALIBRE Y EXTENSIÓN CIRCUITO COCOROTE CONDUCTOR AL 4/0 A 366 MCM. S/E INDEPENDENCIA. 7,5 KM | E13: PENDIENTE | F13: EL PROYECTO DE ADECUACIÓN DE LÍNEAS DE MEDIA TENSIÓN OPTIMIZA LA INFRAESTRUCTURA ELÉCTRICA MEDIANTE LA MODERNIZACIÓN DE CONDUCTORES, ESTRUCTURAS Y AISLADORES, MEJORANDO LA CAPACIDAD DE CARGA Y REDUCIENDO PÉRDIDAS POR EFECTO JOULE. SU IMPACTO SE TRADUCE EN *MAYOR EFICIENCIA ENERGÉTICA, REDUCCIÓN DE FALLAS Y AUMENTO DE LA CONFIABILIDAD DEL SISTEMA*, BENEFICIANDO TANTO A USUARIOS INDUSTRIALES COMO RESIDENCIALES, AL GARANTIZAR UNA DISTRIBUCIÓN ESTABLE Y SEGURA DE LA ENERGÍA. ADEMÁS, DISMINUYE COSTOS DE MANTENIMIENTO Y CONTRIBUYE A LA SOSTENIBILIDAD DEL SERVICIO ELÉCTRICO. | G13: 286743.75 | H13: 4 | I13: INGENIERIA CONCEPTUAL | J13: POR EJECUTAR | K13: CIRCUITO | L13: INDEPENDENCIA | M13: 12,47 KV | N13: KM | O13: 7.5 | P13: YARACUY | Q13: COCOROTE | R13: SAN FELIPE | S13: 03/2026 | T13: 2026 | U13: 3/3/2026 | V13: 3/7/2026 | X13: 286743.75 | AD13: =+"PRT-"&P13&"-"&AI13 -> PRT-YARACUY-12 | AE13: COP | AH13: ACTUALIZADO 25/08/2025 | AI13: =+AI12+1 -> 12
A14: 717 | B14: ADECUACIÓN CAMBIO DE CALIBRE CTO. ARACOI | C14: CAMBIO DE CALIBRE 4/0 A 366 Y EXTENSIÓN CTO. ARACOI, S/E INDEPENDENCIA | D14: CAMBIO DE CALIBRE Y EXTENSIÓN CIRCUITO ARACAOI CONDUCTOR AL 4/0 A 366 MCM. S/E INDEPENDENCIA, | E14: PENDIENTE | F14: EL PROYECTO DE ADECUACIÓN DE LÍNEAS DE MEDIA TENSIÓN OPTIMIZA LA INFRAESTRUCTURA ELÉCTRICA MEDIANTE LA MODERNIZACIÓN DE CONDUCTORES, ESTRUCTURAS Y AISLADORES, MEJORANDO LA CAPACIDAD DE CARGA Y REDUCIENDO PÉRDIDAS POR EFECTO JOULE. SU IMPACTO SE TRADUCE EN *MAYOR EFICIENCIA ENERGÉTICA, REDUCCIÓN DE FALLAS Y AUMENTO DE LA CONFIABILIDAD DEL SISTEMA*, BENEFICIANDO TANTO A USUARIOS INDUSTRIALES COMO RESIDENCIALES, AL GARANTIZAR UNA DISTRIBUCIÓN ESTABLE Y SEGURA DE LA ENERGÍA. ADEMÁS, DISMINUYE COSTOS DE MANTENIMIENTO Y CONTRIBUYE A LA SOSTENIBILIDAD DEL SERVICIO ELÉCTRICO. | G14: 286743.75 | H14: 2 | I14: INGENIERIA CONCEPTUAL | J14: POR EJECUTAR | K14: CIRCUITO | L14: INDEPENDENCIA | M14: 12,47 KV | N14: KM | O14: 5.5 | P14: YARACUY | Q14: SAN FELIPE, INDEPENDENCIA | R14: SAN FELIPE | S14: 04/2026 | T14: 2026 | U14: 3/3/2026 | V14: 3/5/2026 | X14: 286743.75 | AD14: =+"PRT-"&P14&"-"&AI14 -> PRT-YARACUY-13 | AE14: COP | AH14: ACTUALIZADO 25/08/2025 | AI14: =+AI13+1 -> 13
A15: 718 | B15: ADECUACIÓN CAMBIO DE CALIBRE CTO. SAN RAFAEL | C15: CAMBIO DE CALIBRE 4/0 A 366 Y EXTENSIÓN CTO. SAN RAFAEL. S/E INDEPENDENCIA | D15: CAMBIO DE CALIBRE Y EXTENSIÓN CIRCUITO SAN RAFAEL CONDUCTOR AL 4/0 A 366 MCM. S/E INDEPENDENCIA. | E15: PENDIENTE | F15: EL PROYECTO DE ADECUACIÓN DE LÍNEAS DE MEDIA TENSIÓN OPTIMIZA LA INFRAESTRUCTURA ELÉCTRICA MEDIANTE LA MODERNIZACIÓN DE CONDUCTORES, ESTRUCTURAS Y AISLADORES, MEJORANDO LA CAPACIDAD DE CARGA Y REDUCIENDO PÉRDIDAS POR EFECTO JOULE. SU IMPACTO SE TRADUCE EN *MAYOR EFICIENCIA ENERGÉTICA, REDUCCIÓN DE FALLAS Y AUMENTO DE LA CONFIABILIDAD DEL SISTEMA*, BENEFICIANDO TANTO A USUARIOS INDUSTRIALES COMO RESIDENCIALES, AL GARANTIZAR UNA DISTRIBUCIÓN ESTABLE Y SEGURA DE LA ENERGÍA. ADEMÁS, DISMINUYE COSTOS DE MANTENIMIENTO Y CONTRIBUYE A LA SOSTENIBILIDAD DEL SERVICIO ELÉCTRICO. | G15: 286743.75 | H15: 2 | I15: INGENIERIA CONCEPTUAL | J15: POR EJECUTAR | K15: CIRCUITO | L15: INDEPENDENCIA | M15: 12,47 KV | N15: KM | O15: 4.5 | P15: YARACUY | Q15: SAN FELIPE, INDEPENDENCIA | R15: SAN FELIPE | S15: 06/2026 | T15: 2026 | U15: 3/3/2026 | V15: 3/5/2026 | X15: 286743.75 | AD15: =+"PRT-"&P15&"-"&AI15 -> PRT-YARACUY-14 | AE15: COP | AH15: ACTUALIZADO 25/08/2025 | AI15: =+AI14+1 -> 14
A16: 719 | B16: ADECUACIÓN CAMBIO DE CALIBRE CTO. YUMARE EXPRESS | C16: CAMBIO DE CALIBRE A 4/0 AL Y REUBICACIÓN CIRCUITO YUMARE EXPRESO. S/E PALMASOLA | D16: CAMBIO DE CALIBRE Y REUBICACIÓN CIRCUITO YUMARE EXPRESO 13,8 KV DE 7 KM DE CONDUCTOR Y HERRAJE DESDE EL CASERÍO LA CERO HASTA EL CASERÍO LA 13 INTERCONEXIÓN CIRCUITO YUMARE EXPRESO CON CIRCUITO CARABOBO (AL 4/0) Y CAMBIO 5 KM TRAMO TO5 – KM 41. S/E PALMASOLA | E16: PENDIENTE | F16: EL PROYECTO DE ADECUACIÓN DE LÍNEAS DE MEDIA TENSIÓN OPTIMIZA LA INFRAESTRUCTURA ELÉCTRICA MEDIANTE LA MODERNIZACIÓN DE CONDUCTORES, ESTRUCTURAS Y AISLADORES, MEJORANDO LA CAPACIDAD DE CARGA Y REDUCIENDO PÉRDIDAS POR EFECTO JOULE. SU IMPACTO SE TRADUCE EN *MAYOR EFICIENCIA ENERGÉTICA, REDUCCIÓN DE FALLAS Y AUMENTO DE LA CONFIABILIDAD DEL SISTEMA*, BENEFICIANDO TANTO A USUARIOS INDUSTRIALES COMO RESIDENCIALES, AL GARANTIZAR UNA DISTRIBUCIÓN ESTABLE Y SEGURA DE LA ENERGÍA. ADEMÁS, DISMINUYE COSTOS DE MANTENIMIENTO Y CONTRIBUYE A LA SOSTENIBILIDAD DEL SERVICIO ELÉCTRICO. | G16: 286743.75 | H16: 2 | I16: INGENIERIA CONCEPTUAL | J16: POR EJECUTAR | K16: CIRCUITO | L16: PALMA SOLA | M16: 13,8 KV | N16: KM | O16: 7 | P16: YARACUY | Q16: MANUEL MONGE | R16: YUMARE | S16: 07/2026 | T16: 2026 | U16: 3/3/2026 | V16: 3/5/2026 | X16: 286743.75 | AD16: =+"PRT-"&P16&"-"&AI16 -> PRT-YARACUY-15 | AE16: COP | AH16: ACTUALIZADO 25/08/2025 | AI16: =+AI15+1 -> 15
A17: 720 | B17: ADECUACIÓN CAMBIO DE CALIBRE CTO. CAMPO ELÍAS | C17: CAMBIO DE CALIBRE CIRCUITO CAMPO ELÍAS. S/E CHIVACOA | D17: CAMBIO DE CALIBRE CIRCUITO CAMPO ELÍAS EN 13,8 KV A CONDUCTOR 336 MCM. S/E CHIVACOA. 5,5 KM | E17: PENDIENTE | F17: EL PROYECTO DE ADECUACIÓN DE LÍNEAS DE MEDIA TENSIÓN OPTIMIZA LA INFRAESTRUCTURA ELÉCTRICA MEDIANTE LA MODERNIZACIÓN DE CONDUCTORES, ESTRUCTURAS Y AISLADORES, MEJORANDO LA CAPACIDAD DE CARGA Y REDUCIENDO PÉRDIDAS POR EFECTO JOULE. SU IMPACTO SE TRADUCE EN *MAYOR EFICIENCIA ENERGÉTICA, REDUCCIÓN DE FALLAS Y AUMENTO DE LA CONFIABILIDAD DEL SISTEMA*, BENEFICIANDO TANTO A USUARIOS INDUSTRIALES COMO RESIDENCIALES, AL GARANTIZAR UNA DISTRIBUCIÓN ESTABLE Y SEGURA DE LA ENERGÍA. ADEMÁS, DISMINUYE COSTOS DE MANTENIMIENTO Y CONTRIBUYE A LA SOSTENIBILIDAD DEL SERVICIO ELÉCTRICO. | G17: 286743.75 | H17: 2 | I17: INGENIERIA CONCEPTUAL | J17: POR EJECUTAR | K17: CIRCUITO | L17: CHIVACOA | M17: 13,8 KV | N17: KM | O17: 5.5 | P17: YARACUY | Q17: BRUZUAL | R17: CHIVACOA | S17: 05/2026 | T17: 2026 | U17: 3/3/2026 | V17: 3/5/2026 | X17: 286743.75 | AD17: =+"PRT-"&P17&"-"&AI17 -> PRT-YARACUY-16 | AE17: COP | AH17: ACTUALIZADO 25/08/2025 | AI17: =+AI16+1 -> 16
A18: 721 | B18: ADECUACIÓN CAMBIO DE CALIBRE CTO. PANAMERICANA | C18: CAMBIO DE CALIBRE CIRCUITO PANAMERICANA. S/E CHIVACOA | D18: CAMBIO DE CALIBRE CIRCUITO PANAMERICANA EN 13,8 KV A CONDUCTOR AL 4/0. S/E CHIVACOA. 3.5 KM. | E18: PENDIENTE | F18: EL PROYECTO DE ADECUACIÓN DE LÍNEAS DE MEDIA TENSIÓN OPTIMIZA LA INFRAESTRUCTURA ELÉCTRICA MEDIANTE LA MODERNIZACIÓN DE CONDUCTORES, ESTRUCTURAS Y AISLADORES, MEJORANDO LA CAPACIDAD DE CARGA Y REDUCIENDO PÉRDIDAS POR EFECTO JOULE. SU IMPACTO SE TRADUCE EN *MAYOR EFICIENCIA ENERGÉTICA, REDUCCIÓN DE FALLAS Y AUMENTO DE LA CONFIABILIDAD DEL SISTEMA*, BENEFICIANDO TANTO A USUARIOS INDUSTRIALES COMO RESIDENCIALES, AL GARANTIZAR UNA DISTRIBUCIÓN ESTABLE Y SEGURA DE LA ENERGÍA. ADEMÁS, DISMINUYE COSTOS DE MANTENIMIENTO Y CONTRIBUYE A LA SOSTENIBILIDAD DEL SERVICIO ELÉCTRICO. | G18: 286743.75 | H18: 2 | I18: INGENIERIA CONCEPTUAL | J18: POR EJECUTAR | K18: CIRCUITO | L18: CHIVACOA | M18: 13,8 KV | N18: KM | O18: 3.5 | P18: YARACUY | Q18: BRUZUAL | R18: CHIVACOA | S18: 09/2026 | T18: 2026 | U18: 3/3/2026 | V18: 3/5/2026 | X18: 286743.75 | AD18: =+"PRT-"&P18&"-"&AI18 -> PRT-YARACUY-17 | AE18: COP | AH18: ACTUALIZADO 25/08/2025 | AI18: =+AI17+1 -> 17
A19: 722 | B19: ADECUACIÓN CAMBIO DE CALIBRE CTO. MANZANITA | C19: ADECUACIÓN: CAMBIO DE CALIBRE A 336 MCM DEL CIRCUITO MANZANITA EN 13,8 KV. S/E YARITAGUA | D19: ADECUACIÓN: CAMBIO DE CALIBRE A 336 MCM DEL CIRCUITO MANZANITA EN 13,8 KV TRAMOS EL MOLINO- MANZANITA. S/E YARITAGUA. 4,5 KM | E19: PENDIENTE | F19: EL PROYECTO DE ADECUACIÓN DE LÍNEAS DE MEDIA TENSIÓN OPTIMIZA LA INFRAESTRUCTURA ELÉCTRICA MEDIANTE LA MODERNIZACIÓN DE CONDUCTORES, ESTRUCTURAS Y AISLADORES, MEJORANDO LA CAPACIDAD DE CARGA Y REDUCIENDO PÉRDIDAS POR EFECTO JOULE. SU IMPACTO SE TRADUCE EN *MAYOR EFICIENCIA ENERGÉTICA, REDUCCIÓN DE FALLAS Y AUMENTO DE LA CONFIABILIDAD DEL SISTEMA*, BENEFICIANDO TANTO A USUARIOS INDUSTRIALES COMO RESIDENCIALES, AL GARANTIZAR UNA DISTRIBUCIÓN ESTABLE Y SEGURA DE LA ENERGÍA. ADEMÁS, DISMINUYE COSTOS DE MANTENIMIENTO Y CONTRIBUYE A LA SOSTENIBILIDAD DEL SERVICIO ELÉCTRICO. | G19: 286743.75 | H19: 2 | I19: INGENIERIA CONCEPTUAL | J19: POR EJECUTAR | K19: CIRCUITO | L19: YARITAGUA | M19: 13,8 KV | N19: KM | O19: 4.5 | P19: YARACUY | Q19: SIMÓN PLANAS | R19: YARITAGUA | S19: 10/2026 | T19: 2026 | U19: 3/3/2026 | V19: 3/5/2026 | X19: 286743.75 | AD19: =+"PRT-"&P19&"-"&AI19 -> PRT-YARACUY-18 | AE19: COP | AH19: ACTUALIZADO 25/08/2025 | AI19: =+AI18+1 -> 18
A20: 723 | B20: ADECUACIÓN CTO. SALIDAS 34,5 S/E CHIVACOA | C20: SUMINISTRO DE EQUIPOS, ADECUACIÓN DE SALIDA 34,5 KV EN S/E CHIVACOA. INCLUYE SUMINISTRO E INSTALACIÓN DE INTERRUPTOR DE POTENCIA Y EQUIPO DE MEDICIÓN, MANDO Y CONTROL | D20: SUMINISTRO DE EQUIPOS, ADECUACIÓN DE SALIDA 34,5 KV EN S/E CHIVACOA. INCLUYE SUMINISTRO E INSTALACIÓN DE INTERRUPTOR DE POTENCIA Y EQUIPO DE MEDICIÓN, MANDO Y CONTROL | E20: PENDIENTE | F20: EL PROYECTO DE ADECUACIÓN DE LÍNEAS DE MEDIA TENSIÓN OPTIMIZA LA INFRAESTRUCTURA ELÉCTRICA MEDIANTE LA MODERNIZACIÓN DE CONDUCTORES, ESTRUCTURAS Y AISLADORES, MEJORANDO LA CAPACIDAD DE CARGA Y REDUCIENDO PÉRDIDAS POR EFECTO JOULE. SU IMPACTO SE TRADUCE EN *MAYOR EFICIENCIA ENERGÉTICA, REDUCCIÓN DE FALLAS Y AUMENTO DE LA CONFIABILIDAD DEL SISTEMA*, BENEFICIANDO TANTO A USUARIOS INDUSTRIALES COMO RESIDENCIALES, AL GARANTIZAR UNA DISTRIBUCIÓN ESTABLE Y SEGURA DE LA ENERGÍA. ADEMÁS, DISMINUYE COSTOS DE MANTENIMIENTO Y CONTRIBUYE A LA SOSTENIBILIDAD DEL SERVICIO ELÉCTRICO. | G20: 286743.75 | H20: 5 | I20: INGENIERIA CONCEPTUAL | J20: POR EJECUTAR | K20: CIRCUITO | L20: CHIVACOA | M20: 34,5 KV | N20: MVA | O20: 15 | P20: YARACUY | Q20: BRUZUAL | R20: CHIVACOA | S20: 07/2026 | T20: 2026 | U20: 3/3/2026 | V20: 3/8/2026 | X20: 286743.75 | AD20: =+"PRT-"&P20&"-"&AI20 -> PRT-YARACUY-19 | AE20: COP | AH20: ACTUALIZADO 25/08/2025 | AI20: =+AI19+1 -> 19
A21: 724 | B21: ADECUACIÓN CAMBIO DE CALIBRE CTO. EL PALMAR | C21: CAMBIO DE CALIBRE Y REUBICACIÓN CIRCUITO EL PALMAR. S/E YARITAGUA | D21: CAMBIO DE CALIBRE DE CONDUCTOR A 4/0 Y REUBICACIÓN DE CIRCUITO EL PALMAR EN 13.8 KV TRAMO DESDE LOS INVERNADEROS HASTA LA RECTA DE ARENALES. S/E YARITAGUA | E21: PENDIENTE | F21: EL PROYECTO DE ADECUACIÓN DE LÍNEAS DE MEDIA TENSIÓN OPTIMIZA LA INFRAESTRUCTURA ELÉCTRICA MEDIANTE LA MODERNIZACIÓN DE CONDUCTORES, ESTRUCTURAS Y AISLADORES, MEJORANDO LA CAPACIDAD DE CARGA Y REDUCIENDO PÉRDIDAS POR EFECTO JOULE. SU IMPACTO SE TRADUCE EN *MAYOR EFICIENCIA ENERGÉTICA, REDUCCIÓN DE FALLAS Y AUMENTO DE LA CONFIABILIDAD DEL SISTEMA*, BENEFICIANDO TANTO A USUARIOS INDUSTRIALES COMO RESIDENCIALES, AL GARANTIZAR UNA DISTRIBUCIÓN ESTABLE Y SEGURA DE LA ENERGÍA. ADEMÁS, DISMINUYE COSTOS DE MANTENIMIENTO Y CONTRIBUYE A LA SOSTENIBILIDAD DEL SERVICIO ELÉCTRICO. | G21: 217925.25 | H21: 2 | I21: INGENIERIA CONCEPTUAL | J21: POR EJECUTAR | K21: CIRCUITO | L21: YARITAGUA | M21: 13,8 KV | N21: KM | O21: 5.7 | P21: YARACUY | Q21: PEÑA | R21: YARITAGUA | S21: 05/2027 | T21: 2027 | U21: 3/3/2027 | V21: 3/5/2027 | Y21: 217925.25 | AD21: =+"PRT-"&P21&"-"&AI21 -> PRT-YARACUY-20 | AE21: COP | AH21: ACTUALIZADO 25/08/2025 | AI21: =+AI20+1 -> 20
A22: 725 | B22: ADECUACIÓN CAMBIO DE CALIBRE CTO. YUMARE EXPRESS - YUMARITO | C22: CAMBIO DE CALIBRE A 2/0 AL Y REUBICACIÓN CIRCUITO YUMARE EXPRESO. S/E PALMASOLA | D22: CAMBIO DE CALIBRE Y REUBICACIÓN CIRCUITO YUMARE EXPRESO 13,8 KV CONDUCTOR DE CU # 4, AL 2, AL 1/0 POR AL 2/0 Y HERRAJE DE 8 KM EN CEMENTERIO YUMARITO ARRANQUE DERIVACIÓN LA 13 SOCREMO. S/E PALMASOLA | E22: PENDIENTE | F22: EL PROYECTO DE ADECUACIÓN DE LÍNEAS DE MEDIA TENSIÓN OPTIMIZA LA INFRAESTRUCTURA ELÉCTRICA MEDIANTE LA MODERNIZACIÓN DE CONDUCTORES, ESTRUCTURAS Y AISLADORES, MEJORANDO LA CAPACIDAD DE CARGA Y REDUCIENDO PÉRDIDAS POR EFECTO JOULE. SU IMPACTO SE TRADUCE EN *MAYOR EFICIENCIA ENERGÉTICA, REDUCCIÓN DE FALLAS Y AUMENTO DE LA CONFIABILIDAD DEL SISTEMA*, BENEFICIANDO TANTO A USUARIOS INDUSTRIALES COMO RESIDENCIALES, AL GARANTIZAR UNA DISTRIBUCIÓN ESTABLE Y SEGURA DE LA ENERGÍA. ADEMÁS, DISMINUYE COSTOS DE MANTENIMIENTO Y CONTRIBUYE A LA SOSTENIBILIDAD DEL SERVICIO ELÉCTRICO. | G22: 305860 | H22: 5 | I22: INGENIERIA CONCEPTUAL | J22: POR EJECUTAR | K22: CIRCUITO | L22: PALMA SOLA | M22: 13,8 KV | N22: KM | O22: 8 | P22: YARACUY | Q22: MANUEL MONGE | R22: YUMARE | S22: 04/2026 | T22: 2026 | U22: 3/3/2026 | V22: 3/8/2026 | X22: 305860 | AD22: =+"PRT-"&P22&"-"&AI22 -> PRT-YARACUY-21 | AE22: COP | AH22: ACTUALIZADO 25/08/2025 | AI22: =+AI21+1 -> 21
A23: 726 | B23: ADECUACIÓN CAMBIO DE CALIBRE CTO. CHIVACOA | C23: CAMBIO DE CALIBRE CIRCUITO CHIVACOA A 336 MCM. S/E CHIVACOA | D23: CAMBIO DE CALIBRE CIRCUITO CHIVACOA EN 13,8 KV A CONDUCTOR 336 MCM DESDE S/E CHIVACOA HASTA ZONA CENTRAL DEL PUEBLO. S/E CHIVACOA | E23: PENDIENTE | F23: EL PROYECTO DE ADECUACIÓN DE LÍNEAS DE MEDIA TENSIÓN OPTIMIZA LA INFRAESTRUCTURA ELÉCTRICA MEDIANTE LA MODERNIZACIÓN DE CONDUCTORES, ESTRUCTURAS Y AISLADORES, MEJORANDO LA CAPACIDAD DE CARGA Y REDUCIENDO PÉRDIDAS POR EFECTO JOULE. SU IMPACTO SE TRADUCE EN *MAYOR EFICIENCIA ENERGÉTICA, REDUCCIÓN DE FALLAS Y AUMENTO DE LA CONFIABILIDAD DEL SISTEMA*, BENEFICIANDO TANTO A USUARIOS INDUSTRIALES COMO RESIDENCIALES, AL GARANTIZAR UNA DISTRIBUCIÓN ESTABLE Y SEGURA DE LA ENERGÍA. ADEMÁS, DISMINUYE COSTOS DE MANTENIMIENTO Y CONTRIBUYE A LA SOSTENIBILIDAD DEL SERVICIO ELÉCTRICO. | G23: 133813.75 | H23: 4 | I23: INGENIERIA CONCEPTUAL | J23: POR EJECUTAR | K23: CIRCUITO | L23: CHIVACOA | M23: 13,8 KV | N23: KM | O23: 3.5 | P23: YARACUY | Q23: BRUZUAL | R23: CHIVACOA | S23: 06/2027 | T23: 2027 | U23: 3/3/2027 | V23: 3/7/2027 | Y23: 133813.75 | AD23: =+"PRT-"&P23&"-"&AI23 -> PRT-YARACUY-22 | AE23: COP | AH23: ACTUALIZADO 25/08/2025 | AI23: =+AI22+1 -> 22
A24: 727 | B24: ADECUACIÓN CAMBIO DE CALIBRE CTO. AGUARUCA | C24: CAMBIO DE CALIBRE Y REUBICACIÓN CIRCUITO AGUARUCA EN 13,8 KV. S/E CHIVACOA | D24: CAMBIO DE CALIBRE Y REUBICACIÓN CIRCUITO AGUARUCA 13,8 KV, DESDE S/E CHIVACOA-FINAL AV SORTE- CALLE LOS LEONES CON AVDA 4 Y 5 (CENTRO CRISTIANO REDENCIÓN) HASTA AV. 4 CON CALLE 16 EN CHIVACOA. S/E CHIVACOA | E24: PENDIENTE | F24: EL PROYECTO DE ADECUACIÓN DE LÍNEAS DE MEDIA TENSIÓN OPTIMIZA LA INFRAESTRUCTURA ELÉCTRICA MEDIANTE LA MODERNIZACIÓN DE CONDUCTORES, ESTRUCTURAS Y AISLADORES, MEJORANDO LA CAPACIDAD DE CARGA Y REDUCIENDO PÉRDIDAS POR EFECTO JOULE. SU IMPACTO SE TRADUCE EN *MAYOR EFICIENCIA ENERGÉTICA, REDUCCIÓN DE FALLAS Y AUMENTO DE LA CONFIABILIDAD DEL SISTEMA*, BENEFICIANDO TANTO A USUARIOS INDUSTRIALES COMO RESIDENCIALES, AL GARANTIZAR UNA DISTRIBUCIÓN ESTABLE Y SEGURA DE LA ENERGÍA. ADEMÁS, DISMINUYE COSTOS DE MANTENIMIENTO Y CONTRIBUYE A LA SOSTENIBILIDAD DEL SERVICIO ELÉCTRICO. | G24: 152930 | H24: 3 | I24: INGENIERIA CONCEPTUAL | J24: POR EJECUTAR | K24: CIRCUITO | L24: CHIVACOA | M24: 13,8 KV | N24: KM | O24: 4 | P24: YARACUY | Q24: BRUZUAL | R24: CHIVACOA | S24: 04/2027 | T24: 2027 | U24: 3/3/2027 | V24: 3/6/2027 | Y24: 152930 | AD24: =+"PRT-"&P24&"-"&AI24 -> PRT-YARACUY-23 | AE24: COP | AH24: ACTUALIZADO 25/08/2025 | AI24: =+AI23+1 -> 23
A25: 728 | B25: ADECUACIÓN REUBICACIÓN CTO. CENTRAL YUQUERO Y PUEBLO NUEVO | C25: REUBICACIÓN DE CIRCUITOS CENTRAL YUQUERO Y PUEBLO NUEVO. S/E PALMASOLA | D25: REUBICACIÓN DE CIRCUITOS CENTRAL YUQUERO Y PUEBLO NUEVO EN 13,8 KV DE ACUERDO A PLAN DE CORTO PLAZO (UTE). CENTRAL YUQUERO: TRAMO CHARIPANO - LOS PLÁTANOS, VÍA LOS CAÑIZOS. PUEBLO NUEVO TRAMO KM 26- LAS CARACARAS. S/E PALMASOLA | E25: PENDIENTE | F25: EL PROYECTO DE ADECUACIÓN DE LÍNEAS DE MEDIA TENSIÓN OPTIMIZA LA INFRAESTRUCTURA ELÉCTRICA MEDIANTE LA MODERNIZACIÓN DE CONDUCTORES, ESTRUCTURAS Y AISLADORES, MEJORANDO LA CAPACIDAD DE CARGA Y REDUCIENDO PÉRDIDAS POR EFECTO JOULE. SU IMPACTO SE TRADUCE EN *MAYOR EFICIENCIA ENERGÉTICA, REDUCCIÓN DE FALLAS Y AUMENTO DE LA CONFIABILIDAD DEL SISTEMA*, BENEFICIANDO TANTO A USUARIOS INDUSTRIALES COMO RESIDENCIALES, AL GARANTIZAR UNA DISTRIBUCIÓN ESTABLE Y SEGURA DE LA ENERGÍA. ADEMÁS, DISMINUYE COSTOS DE MANTENIMIENTO Y CONTRIBUYE A LA SOSTENIBILIDAD DEL SERVICIO ELÉCTRICO. | G25: 65373.694 | H25: 6 | I25: INGENIERIA CONCEPTUAL | J25: POR EJECUTAR | K25: CIRCUITO | L25: PALMA SOLA | M25: 13,8 KV | N25: KM | O25: 12 | P25: YARACUY | Q25: VEROES | R25: PUEBLO NUEVO | S25: 08/2027 | T25: 2027 | U25: 3/3/2027 | V25: 3/9/2027 | Y25: 65373.694 | AD25: =+"PRT-"&P25&"-"&AI25 -> PRT-YARACUY-24 | AE25: COP | AH25: ACTUALIZADO 25/08/2025 | AI25: =+AI24+1 -> 24
A26: 729 | B26: ADECUACIÓN CAMBIO DE CALIBRE CTO. YUMARE EXPRESS - CRUCITO | C26: CAMBIO DE CALIBRE A 1/0 AL Y REUBICACIÓN CIRCUITO YUMARE EXPRESO. S/E PALMASOLA | D26: CAMBIO DE CALIBRE Y REUBICACIÓN CIRCUITO YUMARE EXPRESO 13,8 KV DE 6,8 KM (1/0) DERIVACIÓN CRUCITO-AGUA LINDA. S/E PALMASOLA | E26: PENDIENTE | F26: EL PROYECTO DE ADECUACIÓN DE LÍNEAS DE MEDIA TENSIÓN OPTIMIZA LA INFRAESTRUCTURA ELÉCTRICA MEDIANTE LA MODERNIZACIÓN DE CONDUCTORES, ESTRUCTURAS Y AISLADORES, MEJORANDO LA CAPACIDAD DE CARGA Y REDUCIENDO PÉRDIDAS POR EFECTO JOULE. SU IMPACTO SE TRADUCE EN *MAYOR EFICIENCIA ENERGÉTICA, REDUCCIÓN DE FALLAS Y AUMENTO DE LA CONFIABILIDAD DEL SISTEMA*, BENEFICIANDO TANTO A USUARIOS INDUSTRIALES COMO RESIDENCIALES, AL GARANTIZAR UNA DISTRIBUCIÓN ESTABLE Y SEGURA DE LA ENERGÍA. ADEMÁS, DISMINUYE COSTOS DE MANTENIMIENTO Y CONTRIBUYE A LA SOSTENIBILIDAD DEL SERVICIO ELÉCTRICO. | G26: 259981 | H26: 3 | I26: INGENIERIA CONCEPTUAL | J26: POR EJECUTAR | K26: CIRCUITO | L26: PALMA SOLA | M26: 13,8 KV | N26: KM | O26: 6.8 | P26: YARACUY | Q26: MANUEL MONGE | R26: YUMARE | S26: 08/2027 | T26: 2027 | U26: 3/3/2027 | V26: 3/6/2027 | Y26: 259981 | AD26: =+"PRT-"&P26&"-"&AI26 -> PRT-YARACUY-25 | AE26: COP | AH26: ACTUALIZADO 25/08/2025 | AI26: =+AI25+1 -> 25
A27: 730 | B27: ADECUACIÓN CAMBIO DE CALIBRE CTO. ZONA IND. CHIVACOA | C27: CAMBIO DE CALIBRE Y REUBICACIÓN CIRCUITO ZONA INDUSTRIAL (S/E CHIVACOA) DESDE S/E HASTA FINAL AV SORTE EN CHIVACOA. | D27: CAMBIO DE CALIBRE Y REUBICACIÓN CIRCUITO ZONA INDUSTRIAL 13,8 KV CONDUCTOR 1/0 A 336 MCM (APROX. 0,2 KM DE LA S/E CHIVACOA). | E27: PENDIENTE | F27: EL PROYECTO DE ADECUACIÓN DE LÍNEAS DE MEDIA TENSIÓN OPTIMIZA LA INFRAESTRUCTURA ELÉCTRICA MEDIANTE LA MODERNIZACIÓN DE CONDUCTORES, ESTRUCTURAS Y AISLADORES, MEJORANDO LA CAPACIDAD DE CARGA Y REDUCIENDO PÉRDIDAS POR EFECTO JOULE. SU IMPACTO SE TRADUCE EN *MAYOR EFICIENCIA ENERGÉTICA, REDUCCIÓN DE FALLAS Y AUMENTO DE LA CONFIABILIDAD DEL SISTEMA*, BENEFICIANDO TANTO A USUARIOS INDUSTRIALES COMO RESIDENCIALES, AL GARANTIZAR UNA DISTRIBUCIÓN ESTABLE Y SEGURA DE LA ENERGÍA. ADEMÁS, DISMINUYE COSTOS DE MANTENIMIENTO Y CONTRIBUYE A LA SOSTENIBILIDAD DEL SERVICIO ELÉCTRICO. | G27: 7646.5 | H27: 4 | I27: INGENIERIA CONCEPTUAL | J27: POR EJECUTAR | K27: CIRCUITO | L27: CHIVACOA | M27: 13,8 KV | N27: KM | O27: 0.2 | P27: YARACUY | Q27: BRUZUAL | R27: CHIVACOA | S27: 10/2025 | T27: 2026 | X27: 7646.5 | AD27: =+"PRT-"&P27&"-"&AI27 -> PRT-YARACUY-26 | AE27: COP | AH27: ACTUALIZADO 25/08/2025 | AI27: =+AI26+1 -> 26
A28: 731 | B28: ADECUACIÓN REUBICACIÓN CTO. CAYURE | C28: REUBICACIÓN DE CIRCUITO CAYURE EN 13,8 KV. S/E AROA | D28: REUBICACIÓN CIRCUITO CAYURE 13,8 KV LINEA TRONCAL 4 KM (AL 1/0) DESDE SECTOR ATASCADERO HASTA POBLADO CAYURE Y 2,1 KM DESDE FINCA LOS SÁNCHEZ HASTA DERIVACIÓN SAN JOSÉ. S/E AROA | E28: PENDIENTE | F28: EL PROYECTO DE ADECUACIÓN DE LÍNEAS DE MEDIA TENSIÓN OPTIMIZA LA INFRAESTRUCTURA ELÉCTRICA MEDIANTE LA MODERNIZACIÓN DE CONDUCTORES, ESTRUCTURAS Y AISLADORES, MEJORANDO LA CAPACIDAD DE CARGA Y REDUCIENDO PÉRDIDAS POR EFECTO JOULE. SU IMPACTO SE TRADUCE EN *MAYOR EFICIENCIA ENERGÉTICA, REDUCCIÓN DE FALLAS Y AUMENTO DE LA CONFIABILIDAD DEL SISTEMA*, BENEFICIANDO TANTO A USUARIOS INDUSTRIALES COMO RESIDENCIALES, AL GARANTIZAR UNA DISTRIBUCIÓN ESTABLE Y SEGURA DE LA ENERGÍA. ADEMÁS, DISMINUYE COSTOS DE MANTENIMIENTO Y CONTRIBUYE A LA SOSTENIBILIDAD DEL SERVICIO ELÉCTRICO. | G28: 33231.628 | H28: 3 | I28: INGENIERIA CONCEPTUAL | J28: POR EJECUTAR | K28: CIRCUITO | L28: AROA | M28: 13,8 KV | N28: KM | O28: 2.1 | P28: YARACUY | Q28: BOLÍVAR | R28: AROA | S28: 10/2027 | T28: 2027 | U28: 3/3/2027 | V28: 3/6/2027 | Y28: 33231.628 | AD28: =+"PRT-"&P28&"-"&AI28 -> PRT-YARACUY-27 | AE28: COP | AH28: ACTUALIZADO 25/08/2025 | AI28: =+AI27+1 -> 27
A29: 732 | B29: ADECUACIÓN REUBICACIÓN Y CAMBIO DE CALIBRE, CTO. CAÑAVERAL | C29: REUBICACIÓN Y CAMBIO DE CALIBRE N 6 DE COBRE A 1/0 ALUMINIO, SECTOR LAS MERCEDES SAN JOSÉ. CTO. CAÑAVERAL, S/E INDEPENDENCIA | D29: REUBICACIÓN Y CAMBIO DE CALIBRE N 6 DE COBRE A 1/0 ALUMINIO TRAMO CIRCUITO CAÑAVERAL EN 12,47 KV, SECTOR LAS MERCEDES SAN JOSÉ. S/E SAN FELIPE 2 | E29: PENDIENTE | F29: EL PROYECTO DE ADECUACIÓN DE LÍNEAS DE MEDIA TENSIÓN OPTIMIZA LA INFRAESTRUCTURA ELÉCTRICA MEDIANTE LA MODERNIZACIÓN DE CONDUCTORES, ESTRUCTURAS Y AISLADORES, MEJORANDO LA CAPACIDAD DE CARGA Y REDUCIENDO PÉRDIDAS POR EFECTO JOULE. SU IMPACTO SE TRADUCE EN *MAYOR EFICIENCIA ENERGÉTICA, REDUCCIÓN DE FALLAS Y AUMENTO DE LA CONFIABILIDAD DEL SISTEMA*, BENEFICIANDO TANTO A USUARIOS INDUSTRIALES COMO RESIDENCIALES, AL GARANTIZAR UNA DISTRIBUCIÓN ESTABLE Y SEGURA DE LA ENERGÍA. ADEMÁS, DISMINUYE COSTOS DE MANTENIMIENTO Y CONTRIBUYE A LA SOSTENIBILIDAD DEL SERVICIO ELÉCTRICO. | G29: 202632.25 | H29: 2 | I29: INGENIERIA CONCEPTUAL | J29: POR EJECUTAR | K29: CIRCUITO | L29: INDEPENDENCIA | M29: 12,47 KV | N29: KM | O29: 5.3 | P29: YARACUY | Q29: SAN FELIPE | R29: SAN FELIPE | S29: 07/2026 | T29: 2026 | U29: 3/3/2026 | V29: 3/5/2026 | X29: 202632.25 | AD29: =+"PRT-"&P29&"-"&AI29 -> PRT-YARACUY-28 | AE29: COP | AH29: ACTUALIZADO 25/08/2025 | AI29: =+AI28+1 -> 28
A30: 733 | B30: ADECUACIÓN REUBICACIÓN DE LINEAS CTO. EL GUAYABO | C30: REUBICACIÓN DE LINEA EN MT. (12,47 KV) TRAMO GUABINA - LA YUCA. S/E CARBONERO | D30: REUBICACIÓN DE LINEA EN MT. DEL CIRCUITO EL GUAYABO (12,47 KV) TRAMO GUABINA - LA YUCA CALIBRE 1/0. S/E CARBONERO | E30: PENDIENTE | F30: EL PROYECTO DE ADECUACIÓN DE LÍNEAS DE MEDIA TENSIÓN OPTIMIZA LA INFRAESTRUCTURA ELÉCTRICA MEDIANTE LA MODERNIZACIÓN DE CONDUCTORES, ESTRUCTURAS Y AISLADORES, MEJORANDO LA CAPACIDAD DE CARGA Y REDUCIENDO PÉRDIDAS POR EFECTO JOULE. SU IMPACTO SE TRADUCE EN *MAYOR EFICIENCIA ENERGÉTICA, REDUCCIÓN DE FALLAS Y AUMENTO DE LA CONFIABILIDAD DEL SISTEMA*, BENEFICIANDO TANTO A USUARIOS INDUSTRIALES COMO RESIDENCIALES, AL GARANTIZAR UNA DISTRIBUCIÓN ESTABLE Y SEGURA DE LA ENERGÍA. ADEMÁS, DISMINUYE COSTOS DE MANTENIMIENTO Y CONTRIBUYE A LA SOSTENIBILIDAD DEL SERVICIO ELÉCTRICO. | G30: 32686.847 | H30: 2 | I30: INGENIERIA CONCEPTUAL | J30: POR EJECUTAR | K30: CIRCUITO | L30: CARBONERO | M30: 12,47 KV | N30: KM | O30: 5.7 | P30: YARACUY | Q30: VEROES | R30: CARBONERO | S30: 05/2026 | T30: 2026 | U30: 3/3/2026 | V30: 3/5/2026 | X30: 32686.847 | AD30: =+"PRT-"&P30&"-"&AI30 -> PRT-YARACUY-29 | AE30: COP | AH30: ACTUALIZADO 25/08/2025 | AI30: =+AI29+1 -> 29
A31: 734 | B31: ADECUACIÓN CAMBIO DE CALIBRE CTO. SAN JAVIER | C31: CAMBIO DE CALIBRE ALUMINIO 1/0 A 4/0 Y EXTENSIÓN DE LINEA 4/0. SECTOR EL PAUJI Y MARÍN. S/E INDEPENDENCIA | D31: CAMBIO DE CALIBRE ALUMINIO 1/0 A 4/0 Y EXTENSIÓN DE LINEA 4/0 EN EL CIRCUITO SAN JAVIER. SECTOR EL PAUJI Y MARÍN. | E31: PENDIENTE | F31: EL PROYECTO DE ADECUACIÓN DE LÍNEAS DE MEDIA TENSIÓN OPTIMIZA LA INFRAESTRUCTURA ELÉCTRICA MEDIANTE LA MODERNIZACIÓN DE CONDUCTORES, ESTRUCTURAS Y AISLADORES, MEJORANDO LA CAPACIDAD DE CARGA Y REDUCIENDO PÉRDIDAS POR EFECTO JOULE. SU IMPACTO SE TRADUCE EN *MAYOR EFICIENCIA ENERGÉTICA, REDUCCIÓN DE FALLAS Y AUMENTO DE LA CONFIABILIDAD DEL SISTEMA*, BENEFICIANDO TANTO A USUARIOS INDUSTRIALES COMO RESIDENCIALES, AL GARANTIZAR UNA DISTRIBUCIÓN ESTABLE Y SEGURA DE LA ENERGÍA. ADEMÁS, DISMINUYE COSTOS DE MANTENIMIENTO Y CONTRIBUYE A LA SOSTENIBILIDAD DEL SERVICIO ELÉCTRICO. | G31: 107051 | H31: 3 | I31: INGENIERIA CONCEPTUAL | J31: POR EJECUTAR | K31: CIRCUITO | L31: CARBONERO | M31: 12,47 KV | N31: KM | O31: 2.8 | P31: YARACUY | Q31: VEROES | R31: CARBONERO | S31: 08/2027 | T31: 2027 | U31: 3/3/2027 | V31: 3/6/2027 | Y31: 107051 | AD31: =+"PRT-"&P31&"-"&AI31 -> PRT-YARACUY-30 | AE31: COP | AH31: ACTUALIZADO 25/08/2025 | AI31: =+AI30+1 -> 30
A32: 735 | B32: ADECUACIÓN CAMBIO DE HERRAJES Y AISLADORES, CTO. PALMA SOLA | C32: REHABILITACION MAYOR SUSTITUCIÓN DE COMPONENTES OBSOLETOS, CIRCUITO PALMASOLA. S/E PALMASOLA | D32: MANTENIMIENTO INTEGRAL CIRCUITO PALMASOLA 13,8 KV DE APROXIMADO 40 KM TRONCAL Y DERIVACIÓN CAMBIO DE HERRAJES, AISLADORES, PARARRAYOS, ESTRUCTURA Y POSTES. S/E PALMASOLA | E32: PENDIENTE | F32: EL PROYECTO DE ADECUACIÓN DE LÍNEAS DE MEDIA TENSIÓN OPTIMIZA LA INFRAESTRUCTURA ELÉCTRICA MEDIANTE LA MODERNIZACIÓN DE CONDUCTORES, ESTRUCTURAS Y AISLADORES, MEJORANDO LA CAPACIDAD DE CARGA Y REDUCIENDO PÉRDIDAS POR EFECTO JOULE. SU IMPACTO SE TRADUCE EN *MAYOR EFICIENCIA ENERGÉTICA, REDUCCIÓN DE FALLAS Y AUMENTO DE LA CONFIABILIDAD DEL SISTEMA*, BENEFICIANDO TANTO A USUARIOS INDUSTRIALES COMO RESIDENCIALES, AL GARANTIZAR UNA DISTRIBUCIÓN ESTABLE Y SEGURA DE LA ENERGÍA. ADEMÁS, DISMINUYE COSTOS DE MANTENIMIENTO Y CONTRIBUYE A LA SOSTENIBILIDAD DEL SERVICIO ELÉCTRICO. | G32: 145274.88 | H32: 3 | I32: INGENIERIA CONCEPTUAL | J32: POR EJECUTAR | K32: CIRCUITO | L32: PALMA SOLA | M32: 13,8 KV | N32: KM | O32: 20 | P32: YARACUY | Q32: MANUEL MONGE, PALMASOLA, VEROES | R32: YUMARE | S32: 08/2028 | T32: 2028 | U32: 3/3/2028 | V32: 3/6/2028 | Z32: 145274.88 | AD32: =+"PRT-"&P32&"-"&AI32 -> PRT-YARACUY-31 | AE32: COP | AH32: ACTUALIZADO 25/08/2025 | AI32: =+AI31+1 -> 31
A33: 736 | B33: ADECUACIÓN REUBICACIÓN DE LINEAS Y CAMBIO DE CALIBRE, CTO. AROA - TIERRA FRÍA | C33: REHABILITACION MAYOR CIRCUITO AROA. S/E AROA | D33: MANTENIMIENTO INTEGRAL CIRCUITO AROA 13,8 KV DE APROXIMADO 20 KM DERIVACIÓN TIERRA FRÍA: CAMBIO DE HERRAJES, AISLADORES, PARARRAYOS Y POSTES. S/E AROA | E33: PENDIENTE | F33: EL PROYECTO DE ADECUACIÓN DE LÍNEAS DE MEDIA TENSIÓN OPTIMIZA LA INFRAESTRUCTURA ELÉCTRICA MEDIANTE LA MODERNIZACIÓN DE CONDUCTORES, ESTRUCTURAS Y AISLADORES, MEJORANDO LA CAPACIDAD DE CARGA Y REDUCIENDO PÉRDIDAS POR EFECTO JOULE. SU IMPACTO SE TRADUCE EN *MAYOR EFICIENCIA ENERGÉTICA, REDUCCIÓN DE FALLAS Y AUMENTO DE LA CONFIABILIDAD DEL SISTEMA*, BENEFICIANDO TANTO A USUARIOS INDUSTRIALES COMO RESIDENCIALES, AL GARANTIZAR UNA DISTRIBUCIÓN ESTABLE Y SEGURA DE LA ENERGÍA. ADEMÁS, DISMINUYE COSTOS DE MANTENIMIENTO Y CONTRIBUYE A LA SOSTENIBILIDAD DEL SERVICIO ELÉCTRICO. | G33: 764650 | H33: 6 | I33: INGENIERIA CONCEPTUAL | J33: POR EJECUTAR | K33: CIRCUITO | L33: AROA | M33: 13,8 KV | N33: KM | O33: 20 | P33: YARACUY | Q33: BOLÍVAR | R33: AROA | S33: 04/2027 | T33: 2027 | U33: 3/3/2027 | V33: 3/9/2027 | Y33: 764650 | AD33: =+"PRT-"&P33&"-"&AI33 -> PRT-YARACUY-32 | AE33: COP | AH33: ACTUALIZADO 25/08/2025 | AI33: =+AI32+1 -> 32
A34: 737 | B34: ADECUACIÓN CAMBIO DE CALIBRE CTO. AROA - CERRO NEGRO | C34: CAMBIO DE CALIBRE CIRCUITO AROA. S/E AROA | D34: CAMBIO DE CALIBRE CIRCUITO AROA 13,8 KV DE APROXIMADO 18,75 KM. DE CALIBRE 2/0 AL DESDE TIERRA FRÍA HASTA CERRO NEGRO. S/E AROA | E34: PENDIENTE | F34: EL PROYECTO DE ADECUACIÓN DE LÍNEAS DE MEDIA TENSIÓN OPTIMIZA LA INFRAESTRUCTURA ELÉCTRICA MEDIANTE LA MODERNIZACIÓN DE CONDUCTORES, ESTRUCTURAS Y AISLADORES, MEJORANDO LA CAPACIDAD DE CARGA Y REDUCIENDO PÉRDIDAS POR EFECTO JOULE. SU IMPACTO SE TRADUCE EN *MAYOR EFICIENCIA ENERGÉTICA, REDUCCIÓN DE FALLAS Y AUMENTO DE LA CONFIABILIDAD DEL SISTEMA*, BENEFICIANDO TANTO A USUARIOS INDUSTRIALES COMO RESIDENCIALES, AL GARANTIZAR UNA DISTRIBUCIÓN ESTABLE Y SEGURA DE LA ENERGÍA. ADEMÁS, DISMINUYE COSTOS DE MANTENIMIENTO Y CONTRIBUYE A LA SOSTENIBILIDAD DEL SERVICIO ELÉCTRICO. | G34: 716859.38 | H34: 6 | I34: INGENIERIA CONCEPTUAL | J34: POR EJECUTAR | K34: CIRCUITO | L34: AROA | M34: 13,8 KV | N34: KM | O34: 18.75 | P34: YARACUY | Q34: BOLÍVAR | R34: AROA | S34: 7/2027 | T34: 2027 | U34: 3/3/2027 | V34: 3/9/2027 | Y34: 716859.38 | AD34: =+"PRT-"&P34&"-"&AI34 -> PRT-YARACUY-33 | AE34: COP | AH34: ACTUALIZADO 25/08/2025 | AI34: =+AI33+1 -> 33
A35: 738 | B35: ADECUACIÓN CAMBIO DE CALIBRE CTO. CERÁMICAS CARIBE | C35: CAMBIO DE CALIBRE CIRCUITO CERÁMICAS CARIBE EN 13,8 KV. S/E CHIVACOA | D35: CAMBIO DE CALIBRE CIRCUITO CERÁMICAS CARIBE CONDUCTOR 1/0 A 336 MCM DESDE S/E CHIVACOA (APROX. 0,8 KM) | E35: PENDIENTE | F35: EL PROYECTO DE ADECUACIÓN DE LÍNEAS DE MEDIA TENSIÓN OPTIMIZA LA INFRAESTRUCTURA ELÉCTRICA MEDIANTE LA MODERNIZACIÓN DE CONDUCTORES, ESTRUCTURAS Y AISLADORES, MEJORANDO LA CAPACIDAD DE CARGA Y REDUCIENDO PÉRDIDAS POR EFECTO JOULE. SU IMPACTO SE TRADUCE EN *MAYOR EFICIENCIA ENERGÉTICA, REDUCCIÓN DE FALLAS Y AUMENTO DE LA CONFIABILIDAD DEL SISTEMA*, BENEFICIANDO TANTO A USUARIOS INDUSTRIALES COMO RESIDENCIALES, AL GARANTIZAR UNA DISTRIBUCIÓN ESTABLE Y SEGURA DE LA ENERGÍA. ADEMÁS, DISMINUYE COSTOS DE MANTENIMIENTO Y CONTRIBUYE A LA SOSTENIBILIDAD DEL SERVICIO ELÉCTRICO. | G35: 30586 | H35: 1 | I35: INGENIERIA CONCEPTUAL | J35: POR EJECUTAR | K35: CIRCUITO | L35: CHIVACOA | M35: 13,8 KV | N35: KM | O35: 0.8 | P35: YARACUY | Q35: BRUZUAL | R35: CHIVACOA | S35: 10/2025 | T35: 2026 | X35: 30586 | AD35: =+"PRT-"&P35&"-"&AI35 -> PRT-YARACUY-34 | AE35: COP | AH35: ACTUALIZADO 25/08/2025 | AI35: =+AI34+1 -> 34
A36: 739 | B36: EXTENSIÓN DE LINEA CAMBIO DE CALIBRE CTO. EL ROSARIO | C36: EXTENSIÓN DEL CIRCUITO EL ROSARIO. S/E CHIVACOA | D36: EXTENSIÓN DE CIRCUITO EL ROSARIO POR AMPLIACIÓN DE LÍNEA 34,5 KV DESDE LOS COGOLLOS HASTA LA GUÁSIMA | E36: PENDIENTE | F36: EL PROYECTO DE ADECUACIÓN DE LÍNEAS DE MEDIA TENSIÓN OPTIMIZA LA INFRAESTRUCTURA ELÉCTRICA MEDIANTE LA MODERNIZACIÓN DE CONDUCTORES, ESTRUCTURAS Y AISLADORES, MEJORANDO LA CAPACIDAD DE CARGA Y REDUCIENDO PÉRDIDAS POR EFECTO JOULE. SU IMPACTO SE TRADUCE EN *MAYOR EFICIENCIA ENERGÉTICA, REDUCCIÓN DE FALLAS Y AUMENTO DE LA CONFIABILIDAD DEL SISTEMA*, BENEFICIANDO TANTO A USUARIOS INDUSTRIALES COMO RESIDENCIALES, AL GARANTIZAR UNA DISTRIBUCIÓN ESTABLE Y SEGURA DE LA ENERGÍA. ADEMÁS, DISMINUYE COSTOS DE MANTENIMIENTO Y CONTRIBUYE A LA SOSTENIBILIDAD DEL SERVICIO ELÉCTRICO. | G36: 103227.75 | H36: 2 | I36: INGENIERIA CONCEPTUAL | J36: POR EJECUTAR | K36: CIRCUITO | L36: CHIVACOA | M36: 13,8 KV | N36: KM | O36: 2.7 | P36: YARACUY | Q36: BRUZUAL | R36: CHIVACOA | S36: 3/2026 | T36: 2026 | U36: 3/3/2026 | V36: 3/5/2026 | X36: 103227.75 | AD36: =+"PRT-"&P36&"-"&AI36 -> PRT-YARACUY-35 | AE36: COP | AH36: ACTUALIZADO 25/08/2025 | AI36: =+AI35+1 -> 35
A37: 740 | B37: ADECUACIÓN CAMBIO DE CALIBRE CTO. GOBERNACIÓN | C37: CAMBIO DE CALIBRE DE UN TRAMO DE CIRCUITO GOBERNACIÓN EN 12,47 KV DE APROXIMADO 2,3KM DE LINEA AÉREA AL 1/0 POR AL 4/0 SECTOR JOBITO. S/E INDEPENDENCIA | D37: CAMBIO DE CALIBRE DE UN TRAMO DEL CIRCUITO GOBERNACIÓN (12,47 KV) DE 2,3KM DE LINEA AÉREA AL 1/0 POR AL 4/0 SECTOR JOBITO. S/E INDEPENDENCIA | E37: PENDIENTE | F37: EL PROYECTO DE ADECUACIÓN DE LÍNEAS DE MEDIA TENSIÓN OPTIMIZA LA INFRAESTRUCTURA ELÉCTRICA MEDIANTE LA MODERNIZACIÓN DE CONDUCTORES, ESTRUCTURAS Y AISLADORES, MEJORANDO LA CAPACIDAD DE CARGA Y REDUCIENDO PÉRDIDAS POR EFECTO JOULE. SU IMPACTO SE TRADUCE EN *MAYOR EFICIENCIA ENERGÉTICA, REDUCCIÓN DE FALLAS Y AUMENTO DE LA CONFIABILIDAD DEL SISTEMA*, BENEFICIANDO TANTO A USUARIOS INDUSTRIALES COMO RESIDENCIALES, AL GARANTIZAR UNA DISTRIBUCIÓN ESTABLE Y SEGURA DE LA ENERGÍA. ADEMÁS, DISMINUYE COSTOS DE MANTENIMIENTO Y CONTRIBUYE A LA SOSTENIBILIDAD DEL SERVICIO ELÉCTRICO. | G37: 87934.75 | H37: 2 | I37: INGENIERIA CONCEPTUAL | J37: POR EJECUTAR | K37: CIRCUITO | L37: INDEPENDENCIA | M37: 12,47 KV | N37: KM | O37: 2.3 | P37: YARACUY | Q37: SAN FELIPE | R37: SAN FELIPE | S37: 05/2026 | T37: 2026 | U37: 3/3/2026 | V37: 3/5/2026 | X37: 87934.75 | AD37: =+"PRT-"&P37&"-"&AI37 -> PRT-YARACUY-36 | AE37: COP | AH37: ACTUALIZADO 25/08/2025 | AI37: =+AI36+1 -> 36
A38: 741 | B38: ADECUACIÓN DE MEDIA TENSIÓN DE PARTE DEL CTO. CAYURE (PALO QUEMAO) Y TRANSFERIR AL CTO. MARIN | C38: ADECUACIÓN MEDIA TENSIÓN SECTOR PALO QUEMAO-GUARAPO CTO. MARIN | D38: ADECUACIÓN EN MEDIA Y BAJA TENSIÓN DEL SECTOR PALO QUEMAO-GUARAPO A NORMAS EDC, Y CONEXIÓN AL CIRCUITO EN 12,47 KV | E38: PENDIENTE | F38: EL PROYECTO DE ADECUACIÓN DE LÍNEAS DE MEDIA TENSIÓN OPTIMIZA LA INFRAESTRUCTURA ELÉCTRICA MEDIANTE LA MODERNIZACIÓN DE CONDUCTORES, ESTRUCTURAS Y AISLADORES, MEJORANDO LA CAPACIDAD DE CARGA Y REDUCIENDO PÉRDIDAS POR EFECTO JOULE. SU IMPACTO SE TRADUCE EN *MAYOR EFICIENCIA ENERGÉTICA, REDUCCIÓN DE FALLAS Y AUMENTO DE LA CONFIABILIDAD DEL SISTEMA*, BENEFICIANDO TANTO A USUARIOS INDUSTRIALES COMO RESIDENCIALES, AL GARANTIZAR UNA DISTRIBUCIÓN ESTABLE Y SEGURA DE LA ENERGÍA. ADEMÁS, DISMINUYE COSTOS DE MANTENIMIENTO Y CONTRIBUYE A LA SOSTENIBILIDAD DEL SERVICIO ELÉCTRICO. | G38: 23346.511 | H38: 3 | I38: INGENIERIA CONCEPTUAL | J38: POR EJECUTAR | K38: CIRCUITO | L38: INDEPENDENCIA | M38: 12,47 KV | N38: KM | O38: 1.2 | P38: YARACUY | Q38: SAN FELIPE | R38: SAN FELIPE | S38: 08/2026 | T38: 2026 | U38: 3/3/2026 | V38: 3/6/2026 | X38: 23346.511 | AD38: =+"PRT-"&P38&"-"&AI38 -> PRT-YARACUY-37 | AE38: COP | AH38: ACTUALIZADO 25/08/2025 | AI38: =+AI37+1 -> 37
A39: 742 | B39: ADECUACIÓN DE MEDIA TENSIÓN DE PARTE DEL CTO. CAYURE (CAÑIZOS) Y TRANSFERIR CTO. MARIN. | C39: ADECUACIÓN MEDIA TENSIÓN SECTOR LOS CAÑIZOS EN EL GUAYABO EN VEROES. CTO. MARIN | D39: ADECUACIÓN EN MEDIA Y BAJA TENSIÓN DEL SECTOR LOS CAÑIZOS A NORMAS EDC, Y CONEXIÓN AL CIRCUITO MARIN EN 12,47 KV EN EL GUAYABO EN VEROES | E39: PENDIENTE | F39: EL PROYECTO DE ADECUACIÓN DE LÍNEAS DE MEDIA TENSIÓN OPTIMIZA LA INFRAESTRUCTURA ELÉCTRICA MEDIANTE LA MODERNIZACIÓN DE CONDUCTORES, ESTRUCTURAS Y AISLADORES, MEJORANDO LA CAPACIDAD DE CARGA Y REDUCIENDO PÉRDIDAS POR EFECTO JOULE. SU IMPACTO SE TRADUCE EN *MAYOR EFICIENCIA ENERGÉTICA, REDUCCIÓN DE FALLAS Y AUMENTO DE LA CONFIABILIDAD DEL SISTEMA*, BENEFICIANDO TANTO A USUARIOS INDUSTRIALES COMO RESIDENCIALES, AL GARANTIZAR UNA DISTRIBUCIÓN ESTABLE Y SEGURA DE LA ENERGÍA. ADEMÁS, DISMINUYE COSTOS DE MANTENIMIENTO Y CONTRIBUYE A LA SOSTENIBILIDAD DEL SERVICIO ELÉCTRICO. | G39: 48047.19 | H39: 4 | I39: INGENIERIA CONCEPTUAL | J39: POR EJECUTAR | K39: CIRCUITO | L39: CARBONERO | M39: 12,47 KV | N39: KM | O39: 1.7 | P39: YARACUY | Q39: VEROES | R39: CARBONERO | S39: 05/2026 | T39: 2026 | U39: 3/3/2026 | V39: 3/7/2026 | X39: 48047.19 | AD39: =+"PRT-"&P39&"-"&AI39 -> PRT-YARACUY-38 | AE39: COP | AH39: ACTUALIZADO 25/08/2025 | AI39: =+AI38+1 -> 38
A40: 743 | B40: REGULACIÓN DE VOLTAJE CTO. SAN PABLO Y CTO. MARIN | C40: INSTALACIÓN DE 2 JUEGOS DE REGULADORES 12,47 KV EN LÍNEAS DE MT PARA LOS SECTORES DE SAN PABLO Y MARÍN. S/E INDEPENDENCIA Y CARBONERO | D40: INSTALACIÓN DE 2 JUEGOS DE REGULADORES 12,47 KV EN LÍNEAS DE MT PARA LOS SECTORES DE SAN PABLO Y MARÍN. INDEPENDENCIA Y CARBONERO | E40: PENDIENTE | F40: LA INSTALACIÓN DE SISTEMAS DE REGULACIÓN DE VOLTAJE EN MEDIA TENSIÓN *OPTIMIZA LA ESTABILIDAD Y CALIDAD DEL SUMINISTRO ELÉCTRICO, REDUCIENDO FLUCTUACIONES Y MEJORANDO LA EFICIENCIA ENERGÉTICA*. ESTO PROTEGE EQUIPOS SENSIBLES, MINIMIZA PÉRDIDAS Y GARANTIZA UNA DISTRIBUCIÓN CONFIABLE, BENEFICIANDO TANTO A USUARIOS INDUSTRIALES COMO COMERCIALES. | G40: 182250 | H40: 1 | I40: INGENIERIA CONCEPTUAL | J40: POR EJECUTAR | K40: CIRCUITO | L40: INDEPENDENCIA | M40: 12,47 KV | N40: MVA | O40: 1.5 | P40: YARACUY | Q40: ARISTIDES BASTIDAS/SAN FELIPE | R40: SAN FELIPE | S40: 04/2026 | T40: 2026 | U40: 3/3/2026 | V40: 3/4/2026 | X40: 182250 | AD40: =+"PRT-"&P40&"-"&AI40 -> PRT-YARACUY-39 | AE40: COP | AH40: ACTUALIZADO 25/08/2025 | AI40: =+AI39+1 -> 39
A41: 744 | B41: REGULACIÓN DE VOLTAJE CTO. PALMA SOLA Y CTO. YUMARE EXPRESS | C41: INSTALACIÓN DE DOS JUEGOS DE REGULADORES 13,8 KV EN CASCADAS EN EL CIRCUITO PALMASOLA - YUMARE EXPRESO. S/E PALMASOLA | D41: INSTALACIÓN DE DOS JUEGOS DE REGULADORES 13,8 KV EN CASCADAS EN EL CIRCUITO PALMASOLA – YUMARE EXPRESO. S/E PALMASOLA | E41: PENDIENTE | F41: LA INSTALACIÓN DE SISTEMAS DE REGULACIÓN DE VOLTAJE EN MEDIA TENSIÓN *OPTIMIZA LA ESTABILIDAD Y CALIDAD DEL SUMINISTRO ELÉCTRICO, REDUCIENDO FLUCTUACIONES Y MEJORANDO LA EFICIENCIA ENERGÉTICA*. ESTO PROTEGE EQUIPOS SENSIBLES, MINIMIZA PÉRDIDAS Y GARANTIZA UNA DISTRIBUCIÓN CONFIABLE, BENEFICIANDO TANTO A USUARIOS INDUSTRIALES COMO COMERCIALES. | G41: 182250 | H41: 1 | I41: INGENIERIA CONCEPTUAL | J41: POR EJECUTAR | K41: CIRCUITO | L41: PALMA SOLA | M41: 13,8 KV | N41: MVA | O41: 1.5 | P41: YARACUY | Q41: MANUEL MONGE | R41: YUMARE | S41: 04/2026 | T41: 2026 | U41: 3/3/2026 | V41: 3/4/2026 | X41: 182250 | AD41: =+"PRT-"&P41&"-"&AI41 -> PRT-YARACUY-40 | AE41: COP | AH41: ACTUALIZADO 25/08/2025 | AI41: =+AI40+1 -> 40
A42: 745 | B42: ADECUACIÓN CAMBIO DE CALIBRE CTO. MARIN - EXTENSIÓN | C42: CAMBIO DE CALIBRE DE UN TRAMO DE CIRCUITO EN 12,47 KV DE 2 KM DE LINEA EN AL-4/0 SECTOR MARIN. S/E CARBONERO | D42: CAMBIO DE CALIBRE DE UN TRAMO DEL CIRCUITO MARIN (12,47 KV) DE 2 KM DE LINEA EN AL-4/0 SECTOR MARIN. S/E CARBONERO | E42: PENDIENTE | F42: EL PROYECTO DE ADECUACIÓN DE LÍNEAS DE MEDIA TENSIÓN OPTIMIZA LA INFRAESTRUCTURA ELÉCTRICA MEDIANTE LA MODERNIZACIÓN DE CONDUCTORES, ESTRUCTURAS Y AISLADORES, MEJORANDO LA CAPACIDAD DE CARGA Y REDUCIENDO PÉRDIDAS POR EFECTO JOULE. SU IMPACTO SE TRADUCE EN *MAYOR EFICIENCIA ENERGÉTICA, REDUCCIÓN DE FALLAS Y AUMENTO DE LA CONFIABILIDAD DEL SISTEMA*, BENEFICIANDO TANTO A USUARIOS INDUSTRIALES COMO RESIDENCIALES, AL GARANTIZAR UNA DISTRIBUCIÓN ESTABLE Y SEGURA DE LA ENERGÍA. ADEMÁS, DISMINUYE COSTOS DE MANTENIMIENTO Y CONTRIBUYE A LA SOSTENIBILIDAD DEL SERVICIO ELÉCTRICO. | G42: 76465 | H42: 1 | I42: INGENIERIA CONCEPTUAL | J42: POR EJECUTAR | K42: CIRCUITO | L42: INDEPENDENCIA | M42: 12,47 KV | N42: KM | O42: 2 | P42: YARACUY | Q42: SAN FELIPE | R42: SAN FELIPE | S42: 10/2025 | T42: 2026 | X42: 76465 | AD42: =+"PRT-"&P42&"-"&AI42 -> PRT-YARACUY-41 | AE42: COP | AH42: ACTUALIZADO 25/08/2025 | AI42: =+AI41+1 -> 41
A43: 746 | B43: INSTALACIÓN INDICADORES DE FALLAS (IF) CTOS: PALMA SOLA, CARABOBO, CAYURE, YUMARE EXPRESS Y PUEBLO NUEVO. | C43: ADQUISICIÓN Y MONTAJE DE 24 INDICADORES DE FALLAS. | D43: SUMINISTRO E INSTALACIÓN DE 24 INDICADORES DE FALLA PARA CIRCUITOS DE LOS MUNICIPIOS BOLÍVAR, MANUEL MONGE Y PALMA SOLA DEL ESTADO YARACUY | E43: PENDIENTE | F43: LA INSTALACIÓN DE INDICADORES DE FALLA EN LÍNEAS AÉREAS DE MEDIA TENSIÓN *FACILITA LA DETECCIÓN RÁPIDA DE FALLOS, REDUCIENDO TIEMPOS DE RESPUESTA Y MEJORANDO LA EFICIENCIA EN LA RESTAURACIÓN DEL SERVICIO*. ESTO OPTIMIZA LA OPERACIÓN DEL SISTEMA ELÉCTRICO, MINIMIZA INTERRUPCIONES Y PERMITE UNA GESTIÓN MÁS EFECTIVA DEL MANTENIMIENTO, BENEFICIANDO A USUARIOS Y OPERADORES. | G43: 97200 | H43: 3 | I43: EN PLANIFICACION | J43: POR EJECUTAR | K43: CIRCUITO | L43: PALMA SOLA, CARABOBO, CAYURE, YUMARE EXPRESS Y PUEBLO NUEVO | M43: 13,8 KV | N43: KM | O43: 50 | P43: YARACUY | Q43: MANUEL MONGE Y BOLIVAR | R43: AROA Y YUMARE | S43: 02/2026 | T43: 2026 | U43: 3/3/2026 | V43: 3/6/2026 | X43: 97200 | AD43: =+"PRT-"&P43&"-"&AI43 -> PRT-YARACUY-42 | AE43: COP | AH43: ACTUALIZADO 25/08/2025 | AI43: =+AI42+1 -> 42
A44: 747 | B44: EXPANSIÓN Y ADECUACIÓN DE LINEA MT, CTO. CHIVACOA - CENTRO | C44: CONSTRUCCIÓN DE CIRCUITO CENTRO CHIVACOA EN 13,8 KV. S/E CHIVACOA | D44: CONSTRUCCIÓN DE CIRCUITO CENTRO CHIVACOA EN 13,8 KV DE CALIBRE 336 MCM DESDE S/E CHIVACOA HASTA TOMAR CARGA CENTRO DEL PUEBLO. S/E CHIVACOA | E44: PENDIENTE | F44: EL PROYECTO DE ADECUACIÓN DE LÍNEAS DE MEDIA TENSIÓN OPTIMIZA LA INFRAESTRUCTURA ELÉCTRICA MEDIANTE LA MODERNIZACIÓN DE CONDUCTORES, ESTRUCTURAS Y AISLADORES, MEJORANDO LA CAPACIDAD DE CARGA Y REDUCIENDO PÉRDIDAS POR EFECTO JOULE. SU IMPACTO SE TRADUCE EN *MAYOR EFICIENCIA ENERGÉTICA, REDUCCIÓN DE FALLAS Y AUMENTO DE LA CONFIABILIDAD DEL SISTEMA*, BENEFICIANDO TANTO A USUARIOS INDUSTRIALES COMO RESIDENCIALES, AL GARANTIZAR UNA DISTRIBUCIÓN ESTABLE Y SEGURA DE LA ENERGÍA. ADEMÁS, DISMINUYE COSTOS DE MANTENIMIENTO Y CONTRIBUYE A LA SOSTENIBILIDAD DEL SERVICIO ELÉCTRICO. | G44: 44726.503 | H44: 3 | I44: INGENIERIA CONCEPTUAL | J44: POR EJECUTAR | K44: CIRCUITO | L44: CHIVACOA | M44: 13,8 KV | N44: KM | O44: 5.5 | P44: YARACUY | Q44: BRUZUAL | R44: CHIVACOA | S44: 11/2026 | T44: 2026 | U44: 3/3/2026 | V44: 3/6/2026 | X44: 44726.503 | AD44: =+"PRT-"&P44&"-"&AI44 -> PRT-YARACUY-43 | AE44: COP | AH44: ACTUALIZADO 25/08/2025 | AI44: =+AI43+1 -> 43
A45: 748 | B45: EXPANSIÓN NUEVO CTO. SAN JOSE | C45: CONSTRUCCIÓN DE CIRCUITO SAN JOSE EN 13,8 KV DE CALIBRE 336 MCM. S/E YARITAGUA | D45: CONSTRUCCIÓN DE LOS CIRCUITOS CENTRO Y SAN JOSÉ EN 13,8 KV DE CALIBRE 4/0 MCM PARA REDISTRIBUIR CARGAS EN CASCO URBANO DE YARITAGUA. S/E YARITAGUA | E45: PENDIENTE | F45: EL PROYECTO DE ADECUACIÓN DE LÍNEAS DE MEDIA TENSIÓN OPTIMIZA LA INFRAESTRUCTURA ELÉCTRICA MEDIANTE LA MODERNIZACIÓN DE CONDUCTORES, ESTRUCTURAS Y AISLADORES, MEJORANDO LA CAPACIDAD DE CARGA Y REDUCIENDO PÉRDIDAS POR EFECTO JOULE. SU IMPACTO SE TRADUCE EN *MAYOR EFICIENCIA ENERGÉTICA, REDUCCIÓN DE FALLAS Y AUMENTO DE LA CONFIABILIDAD DEL SISTEMA*, BENEFICIANDO TANTO A USUARIOS INDUSTRIALES COMO RESIDENCIALES, AL GARANTIZAR UNA DISTRIBUCIÓN ESTABLE Y SEGURA DE LA ENERGÍA. ADEMÁS, DISMINUYE COSTOS DE MANTENIMIENTO Y CONTRIBUYE A LA SOSTENIBILIDAD DEL SERVICIO ELÉCTRICO. | G45: 149088.34 | H45: 2 | I45: EN PLANIFICACION | J45: POR EJECUTAR | K45: CIRCUITO | L45: YARITAGUA | M45: 13,8 KV | N45: KM | O45: 4.5 | P45: YARACUY | Q45: PEÑA | R45: YARITAGUA | S45: 06/2027 | T45: 2027 | U45: 3/3/2027 | V45: 3/5/2027 | Y45: 149088.34 | AD45: =+"PRT-"&P45&"-"&AI45 -> PRT-YARACUY-44 | AE45: COP | AH45: ACTUALIZADO 25/08/2025 | AI45: =+AI44+1 -> 44
A46: 749 | B46: EXTENSIÓN DE LINEAS DE MT Y ADECUACIÓN CTO. GOBERNACIÓN - LAS GALERÍAS | C46: CONSTRUCCIÓN DE 1,2 KM DE LÍNEA AL 4/0 EN 12,47 KV DESDE LA CALLE 21 HASTA EL FINAL DE LA AVENIDA 12, C.C. LA GALERÍA EN SAN FELIPE | D46: CONSTRUCCIÓN DE 1,2 KM DE LÍNEA AL 4/0 EN 12,47 KV DESDE LA CALLE 21 HASTA EL FINAL DE LA AVENIDA 12, C.C. LA GALERÍA EN SAN FELIPE | E46: PENDIENTE | F46: LA IMPLEMENTACIÓN DE UN NUEVO CIRCUITO EN MEDIA TENSIÓN PARA LA *EXPANSIÓN DE LA RED* MEJORA LA COBERTURA ELÉCTRICA, OPTIMIZA LA DISTRIBUCIÓN DE CARGA Y REDUCE SOBRECARGAS EN CIRCUITOS EXISTENTES. ESTO GARANTIZA UN SUMINISTRO MÁS ESTABLE Y EFICIENTE, FAVORECIENDO EL DESARROLLO INDUSTRIAL Y URBANO, AL TIEMPO QUE MINIMIZA PÉRDIDAS TÉCNICAS Y MEJORA LA CONFIABILIDAD DEL SISTEMA. | G46: 153000 | H46: 1 | I46: INGENIERIA CONCEPTUAL | J46: POR EJECUTAR | K46: CIRCUITO | L46: INDEPENDENCIA | M46: 12,47 KV | N46: KM | O46: 1.2 | P46: YARACUY | Q46: SAN FELIPE | R46: SAN FELIPE | S46: 09/2026 | T46: 2026 | U46: 3/3/2026 | V46: 3/4/2026 | X46: 153000 | AD46: =+"PRT-"&P46&"-"&AI46 -> PRT-YARACUY-45 | AE46: COP | AH46: ACTUALIZADO 25/08/2025 | AI46: =+AI45+1 -> 45
A47: 750 | B47: SUSTITUCIÓN POSTES MT Y BT YARACUY, EN LOS CTOS DE LOS MUNICIPIOS BOLIVAR Y MANUEL MONGE. | C47: SUSTITUCIÓN DE POSTES DE M/T Y B/T CORROÍDOS, DETERIORADOS, DOBLADOS. EN CTOS DE DISTRIBUCIÓN YARACUY. | D47: CAMBIO, SUSTITUCIÓN DE POSTES DE MT Y BT, QUE PRESENTAN ALTO DETERIORO, CORROSIÓN O DOBLADOS + 30°. | E47: PENDIENTE | F47: LA SUSTITUCIÓN DE POSTES DE MEDIA Y BAJA TENSIÓN EN *CONDICIONES EXTREMAS DE RIESGO POR CORROSIÓN* FORTALECE LA SEGURIDAD ESTRUCTURAL Y OPERATIVA DEL SISTEMA ELÉCTRICO, EVITANDO FALLAS Y ACCIDENTES. ESTO MEJORA LA CONFIABILIDAD DEL SERVICIO, MINIMIZA INTERRUPCIONES Y PROLONGA LA VIDA ÚTIL DE LA INFRAESTRUCTURA, BENEFICIANDO A COMUNIDADES Y ZONAS INDUSTRIALES. | G47: 27953.213 | H47: 2 | I47: INGENIERIA CONCEPTUAL | J47: POR EJECUTAR | K47: CIRCUITO | L47: PALMA SOLA, CARABOBO, CAYURE, YUMARE EXPRESS Y PUEBLO NUEVO | M47: 13,8 KV | N47: KM | O47: 15 | P47: YARACUY | Q47: MANUEL MONGE Y BOLIVAR | R47: AROA Y YUMARE | S47: 10/2025 | T47: 2026 | X47: 27953.213 | AD47: =+"PRT-"&P47&"-"&AI47 -> PRT-YARACUY-46 | AE47: COP | AH47: ACTUALIZADO 25/08/2025 | AI47: =+AI46+1 -> 46
A48: 751 | B48: AUTOMATIZACIÓN - INSTALACIÓN REC-E - SABANA DE PARRA | C48: INSTALACIÓN DE 3 RECONECTADORES EN LA RED DE MT S/E SABANA DE PARRA 13.8 KV | D48: PARA LA SALIDA DE LOS CTOS LA PARREÑA, URACHICHE. RECONECTADOR AUTOMÁTICO. TENSIÓN NOMINAL 15.6KV, CORRIENTE NOMINAL 650 AMP, CORRIENTE DE FALLA 40KA | E48: PENDIENTE | F48: LA INSTALACIÓN DE RECONECTADORES AUTOMÁTICOS EN REDES AÉREAS *PERMITE LA AUTOMATIZACIÓN Y MONITOREO DEL SISTEMA ELÉCTRICO, MEJORANDO LA DETECCIÓN Y RECUPERACIÓN ANTE FALLAS*. ESTO OPTIMIZA LA CONTINUIDAD DEL SERVICIO, REDUCE TIEMPOS DE INTERRUPCIÓN Y MINIMIZA EL IMPACTO DE EVENTOS TRANSITORIOS, GARANTIZANDO MAYOR ESTABILIDAD Y EFICIENCIA OPERATIVA EN LA RED | G48: 225000 | H48: 1 | I48: EN PLANIFICACION | J48: POR EJECUTAR | K48: CIRCUITO | L48: SABANA DE PARRA | M48: 13,8 KV | N48: MVA | O48: 1.5 | P48: YARACUY | Q48: JOSE ANTONIO PAÉZ | R48: SABANA DE PARRA | S48: 04/2026 | T48: 2026 | U48: 3/3/2026 | V48: 3/4/2026 | X48: 225000 | AD48: =+"PRT-"&P48&"-"&AI48 -> PRT-YARACUY-47 | AE48: COP | AH48: ACTUALIZADO 25/08/2025 | AI48: =+AI47+1 -> 47
A49: 752 | B49: AUTOMATIZACIÓN - INSTALACIÓN REC-E - EL GUAYABO | C49: INSTALACIÓN DE 1 RECONECTADOR EN LA RED DE MT S/E CARBONERO - CTO. EL GUAYABO | D49: PARA EL CTO EL GUAYABO. RECONECTADOR AUTOMÁTICO. TENSIÓN NOMINAL 15.6KV, CORRIENTE NOMINAL 650 AMP, CORRIENTE DE FALLA 40KA | E49: PENDIENTE | F49: LA INSTALACIÓN DE RECONECTADORES AUTOMÁTICOS EN REDES AÉREAS *PERMITE LA AUTOMATIZACIÓN Y MONITOREO DEL SISTEMA ELÉCTRICO, MEJORANDO LA DETECCIÓN Y RECUPERACIÓN ANTE FALLAS*. ESTO OPTIMIZA LA CONTINUIDAD DEL SERVICIO, REDUCE TIEMPOS DE INTERRUPCIÓN Y MINIMIZA EL IMPACTO DE EVENTOS TRANSITORIOS, GARANTIZANDO MAYOR ESTABILIDAD Y EFICIENCIA OPERATIVA EN LA RED | G49: 75000 | H49: 1 | I49: EN PLANIFICACION | J49: POR EJECUTAR | K49: CIRCUITO | L49: CARBONERO | M49: 12,47 KV | N49: MVA | O49: 1.5 | P49: YARACUY | Q49: VEROES | R49: CARBONERO | S49: 05/2026 | T49: 2026 | U49: 3/3/2026 | V49: 3/4/2026 | X49: 75000 | AD49: =+"PRT-"&P49&"-"&AI49 -> PRT-YARACUY-48 | AE49: COP | AH49: ACTUALIZADO 25/08/2025 | AI49: =+AI48+1 -> 48
A50: 753 | B50: AUTOMATIZACIÓN - INSTALACIÓN REC-E - SAN PABLO | C50: INSTALACIÓN DE 1 RECONECTADOR EN LA RED DE MT S/E INDEPENDENCIA - CTO. SAN PABLO | D50: PARA EL CTO SAN PABLO. RECONECTADOR AUTOMÁTICO. TENSIÓN NOMINAL 15.6KV, CORRIENTE NOMINAL 650 AMP, CORRIENTE DE FALLA 40KA | E50: PENDIENTE | F50: LA INSTALACIÓN DE RECONECTADORES AUTOMÁTICOS EN REDES AÉREAS *PERMITE LA AUTOMATIZACIÓN Y MONITOREO DEL SISTEMA ELÉCTRICO, MEJORANDO LA DETECCIÓN Y RECUPERACIÓN ANTE FALLAS*. ESTO OPTIMIZA LA CONTINUIDAD DEL SERVICIO, REDUCE TIEMPOS DE INTERRUPCIÓN Y MINIMIZA EL IMPACTO DE EVENTOS TRANSITORIOS, GARANTIZANDO MAYOR ESTABILIDAD Y EFICIENCIA OPERATIVA EN LA RED | G50: 75000 | H50: 1 | I50: EN PLANIFICACION | J50: POR EJECUTAR | K50: CIRCUITO | L50: INDEPENDENCIA | M50: 12,47 KV | N50: MVA | O50: 2.5 | P50: YARACUY | Q50: ARISTIDES BASTIDAS | R50: SAN FELIPE | S50: 04/2026 | T50: 2026 | U50: 3/3/2026 | V50: 3/4/2026 | X50: 75000 | AD50: =+"PRT-"&P50&"-"&AI50 -> PRT-YARACUY-49 | AE50: COP | AH50: ACTUALIZADO 25/08/2025 | AI50: =+AI49+1 -> 49
A51: 754 | B51: AUTOMATIZACIÓN - INSTALACIÓN REC-E - SUCRE | C51: INSTALACIÓN DE 1 RECONECTADOR EN LA RED DE MT S/E INDEPENDENCIA CTO. SUCRE | D51: PARA EL CTO SUCRE. RECONECTADOR AUTOMÁTICO. TENSIÓN NOMINAL 15.6KV, CORRIENTE NOMINAL 650 AMP, CORRIENTE DE FALLA 40KA | E51: PENDIENTE | F51: LA INSTALACIÓN DE RECONECTADORES AUTOMÁTICOS EN REDES AÉREAS *PERMITE LA AUTOMATIZACIÓN Y MONITOREO DEL SISTEMA ELÉCTRICO, MEJORANDO LA DETECCIÓN Y RECUPERACIÓN ANTE FALLAS*. ESTO OPTIMIZA LA CONTINUIDAD DEL SERVICIO, REDUCE TIEMPOS DE INTERRUPCIÓN Y MINIMIZA EL IMPACTO DE EVENTOS TRANSITORIOS, GARANTIZANDO MAYOR ESTABILIDAD Y EFICIENCIA OPERATIVA EN LA RED | G51: 75000 | H51: 1 | I51: EN PLANIFICACION | J51: POR EJECUTAR | K51: CIRCUITO | L51: INDEPENDENCIA | M51: 12,47 KV | N51: MVA | O51: 3.5 | P51: YARACUY | Q51: SUCRE | R51: SAN FELIPE | S51: 03/2026 | T51: 2026 | U51: 3/3/2026 | V51: 3/4/2026 | X51: 75000 | AD51: =+"PRT-"&P51&"-"&AI51 -> PRT-YARACUY-50 | AE51: COP | AH51: ACTUALIZADO 25/08/2025 | AI51: =+AI50+1 -> 50
A52: 755 | B52: AUTOMATIZACIÓN - INSTALACIÓN REC-E -MANZANITA | C52: INSTALACIÓN DE 1 RECONECTADOR EN LA RED DE MT S/E YARITAGUA CTO. MANZANITA | D52: PARA EL CTO MANZANITA. RECONECTADOR AUTOMÁTICO. TENSIÓN NOMINAL 15.6KV, CORRIENTE NOMINAL 650 AMP, CORRIENTE DE FALLA 40KA | E52: PENDIENTE | F52: LA INSTALACIÓN DE RECONECTADORES AUTOMÁTICOS EN REDES AÉREAS *PERMITE LA AUTOMATIZACIÓN Y MONITOREO DEL SISTEMA ELÉCTRICO, MEJORANDO LA DETECCIÓN Y RECUPERACIÓN ANTE FALLAS*. ESTO OPTIMIZA LA CONTINUIDAD DEL SERVICIO, REDUCE TIEMPOS DE INTERRUPCIÓN Y MINIMIZA EL IMPACTO DE EVENTOS TRANSITORIOS, GARANTIZANDO MAYOR ESTABILIDAD Y EFICIENCIA OPERATIVA EN LA RED | G52: 75000 | H52: 1 | I52: EN PLANIFICACION | J52: POR EJECUTAR | K52: CIRCUITO | L52: YARITAGUA | M52: 13,8 KV | N52: MVA | O52: 2.7 | P52: YARACUY | Q52: PEÑA | R52: YARITAGUA | S52: 04/2026 | T52: 2026 | U52: 3/3/2026 | V52: 3/4/2026 | X52: 75000 | AD52: =+"PRT-"&P52&"-"&AI52 -> PRT-YARACUY-51 | AE52: COP | AH52: ACTUALIZADO 25/08/2025 | AI52: =+AI51+1 -> 51
A53: 756 | B53: AUTOMATIZACIÓN - INSTALACIÓN REC-E -PALMA SOLA | C53: INSTALACIÓN DE 1 RECONECTADOR EN LA RED DE MT S/E PALMA SOLA CTO. PALMA SOLA | D53: PARA EL CTO PALMA SOLA. RECONECTADOR AUTOMÁTICO. TENSIÓN NOMINAL 15.6KV, CORRIENTE NOMINAL 650 AMP, CORRIENTE DE FALLA 40KA | E53: PENDIENTE | F53: LA INSTALACIÓN DE RECONECTADORES AUTOMÁTICOS EN REDES AÉREAS *PERMITE LA AUTOMATIZACIÓN Y MONITOREO DEL SISTEMA ELÉCTRICO, MEJORANDO LA DETECCIÓN Y RECUPERACIÓN ANTE FALLAS*. ESTO OPTIMIZA LA CONTINUIDAD DEL SERVICIO, REDUCE TIEMPOS DE INTERRUPCIÓN Y MINIMIZA EL IMPACTO DE EVENTOS TRANSITORIOS, GARANTIZANDO MAYOR ESTABILIDAD Y EFICIENCIA OPERATIVA EN LA RED | G53: 75000 | H53: 1 | I53: EN PLANIFICACION | J53: POR EJECUTAR | K53: CIRCUITO | L53: PALMA SOLA | M53: 13,8 KV | N53: MVA | O53: 2 | P53: YARACUY | Q53: MANUEL MONGE | R53: YUMARE | S53: 03/2026 | T53: 2026 | U53: 3/3/2026 | V53: 3/4/2026 | X53: 75000 | AD53: =+"PRT-"&P53&"-"&AI53 -> PRT-YARACUY-52 | AE53: COP | AH53: ACTUALIZADO 25/08/2025 | AI53: =+AI52+1 -> 52
A54: 757 | B54: AUTOMATIZACIÓN - INSTALACIÓN REC-E - CARABOBO | C54: INSTALACIÓN DE 1 RECONECTADOR EN LA RED DE MT S/E AROA CTO. CARABOBO | D54: PARA EL CTO CARABOBO. RECONECTADOR AUTOMÁTICO. TENSIÓN NOMINAL 15.6KV, CORRIENTE NOMINAL 650 AMP, CORRIENTE DE FALLA 40KA | E54: PENDIENTE | F54: LA INSTALACIÓN DE RECONECTADORES AUTOMÁTICOS EN REDES AÉREAS *PERMITE LA AUTOMATIZACIÓN Y MONITOREO DEL SISTEMA ELÉCTRICO, MEJORANDO LA DETECCIÓN Y RECUPERACIÓN ANTE FALLAS*. ESTO OPTIMIZA LA CONTINUIDAD DEL SERVICIO, REDUCE TIEMPOS DE INTERRUPCIÓN Y MINIMIZA EL IMPACTO DE EVENTOS TRANSITORIOS, GARANTIZANDO MAYOR ESTABILIDAD Y EFICIENCIA OPERATIVA EN LA RED | G54: 75000 | H54: 1 | I54: EN PLANIFICACION | J54: POR EJECUTAR | K54: CIRCUITO | L54: AROA | M54: 13,8 KV | N54: MVA | O54: 4 | P54: YARACUY | Q54: BOLÍVAR | R54: AROA | S54: 01/2026 | T54: 2026 | U54: 3/3/2026 | V54: 3/4/2026 | X54: 75000 | AD54: =+"PRT-"&P54&"-"&AI54 -> PRT-YARACUY-53 | AE54: COP | AH54: ACTUALIZADO 25/08/2025 | AI54: =+AI53+1 -> 53
A55: 758 | B55: ADECUACIÓN BT CAMBIO DE CALIBRE Y CONEXIONES SECTORES: INDEPENDENCIA Y CARBONERO | C55: MEJORAS EN SECTORES DE BT EN: SAN FELIPE, INDEPENDENCIA, CASCO CENTRAL SAN PABLO, MARIN Y SAN JAVIER | D55: MEJORAS EN LA RED DE BT SECTORES: VARIOS SECTORES: SAN FELIPE, INDEPENDENCIA, EL GUAYABO, SAN JAVIER, BORAURE, GUAMA, SAN PABLO Y MARIN | E55: PENDIENTE | F55: LA ADECUACIÓN DE LÍNEAS DE BAJA TENSIÓN *MEJORA LA EFICIENCIA, SEGURIDAD Y ESTABILIDAD DEL SUMINISTRO ELÉCTRICO*, REDUCIENDO PÉRDIDAS, FALLAS E INTERRUPCIONES, Y BENEFICIANDO A USUARIOS RESIDENCIALES E INDUSTRIALES. | G55: 172046.25 | H55: 4 | I55: INGENIERIA CONCEPTUAL | J55: POR EJECUTAR | K55: CIRCUITO | L55: INDEPENDENCIA, CARBONERO | M55: 120/240/208 | N55: KM | O55: 4.5 | P55: YARACUY | Q55: SAN FELIPE, INDEPENDENCIA, SUCRE Y ARISTIDES BASTIDAS | R55: SAN FELIPE | S55: 05/2026 | T55: 2026 | U55: 3/3/2026 | V55: 3/7/2026 | X55: 172046.25 | AD55: =+"PRT-"&P55&"-"&AI55 -> PRT-YARACUY-54 | AE55: COP | AH55: ACTUALIZADO 25/08/2025 | AI55: =+AI54+1 -> 54
A56: 759 | B56: ADECUACIÓN BT CAMBIO DE CALIBRE Y CONEXIONES SECTORES: YARITAGUA | C56: MEJORAS EN SECTORES DE BT EN: YARITAGUA | D56: MEJORAS EN LA RED DE BT SECTORES: YARITAGUA CENTRO, SABANITA Y LAS CANARIAS | E56: PENDIENTE | F56: LA ADECUACIÓN DE LÍNEAS DE BAJA TENSIÓN *MEJORA LA EFICIENCIA, SEGURIDAD Y ESTABILIDAD DEL SUMINISTRO ELÉCTRICO*, REDUCIENDO PÉRDIDAS, FALLAS E INTERRUPCIONES, Y BENEFICIANDO A USUARIOS RESIDENCIALES E INDUSTRIALES. | G56: 133813.75 | H56: 3 | I56: INGENIERIA CONCEPTUAL | J56: POR EJECUTAR | K56: CIRCUITO | L56: YARITAGUA | M56: 120/240/208 | N56: KM | O56: 3.5 | P56: YARACUY | Q56: PEÑA | R56: YARITAGUA | S56: 5/2026 | T56: 2026 | U56: 3/3/2026 | V56: 3/6/2026 | X56: 133813.75 | AD56: =+"PRT-"&P56&"-"&AI56 -> PRT-YARACUY-55 | AE56: COP | AH56: ACTUALIZADO 25/08/2025 | AI56: =+AI55+1 -> 55
A57: 760 | B57: ADECUACIÓN BT CAMBIO DE CALIBRE Y CONEXIONES SECTORES: SABANA DE PARRA | C57: MEJORAS EN SECTORES DE BT EN: SABANA DE PARRA | D57: MEJORAS EN LA RED DE BT SECTORES: CENTRO DE SABANA DE PARRA | E57: PENDIENTE | F57: LA ADECUACIÓN DE LÍNEAS DE BAJA TENSIÓN *MEJORA LA EFICIENCIA, SEGURIDAD Y ESTABILIDAD DEL SUMINISTRO ELÉCTRICO*, REDUCIENDO PÉRDIDAS, FALLAS E INTERRUPCIONES, Y BENEFICIANDO A USUARIOS RESIDENCIALES E INDUSTRIALES. | G57: 38232.5 | H57: 2 | I57: INGENIERIA CONCEPTUAL | J57: POR EJECUTAR | K57: CIRCUITO | L57: SABANA DE PARRA | M57: 120/240/208 | N57: KM | O57: 1 | P57: YARACUY | Q57: JOSE ANTONIO PAÉZ | R57: SABANA DE PARRA | S57: 10/2025 | T57: 2026 | X57: 38232.5 | AD57: =+"PRT-"&P57&"-"&AI57 -> PRT-YARACUY-56 | AE57: COP | AH57: ACTUALIZADO 25/08/2025 | AI57: =+AI56+1 -> 56
A58: 761 | B58: ADECUACIÓN BT CAMBIO DE CALIBRE Y CONEXIONES SECTORES: URACHICHE | C58: MEJORAS EN SECTORES DE BT EN: URACHICHE | D58: MEJORAS EN LA RED DE BT SECTORES: CENTRO DE URACHICHE | E58: PENDIENTE | F58: LA ADECUACIÓN DE LÍNEAS DE BAJA TENSIÓN *MEJORA LA EFICIENCIA, SEGURIDAD Y ESTABILIDAD DEL SUMINISTRO ELÉCTRICO*, REDUCIENDO PÉRDIDAS, FALLAS E INTERRUPCIONES, Y BENEFICIANDO A USUARIOS RESIDENCIALES E INDUSTRIALES. | G58: 19116.25 | H58: 2 | I58: INGENIERIA CONCEPTUAL | J58: POR EJECUTAR | K58: CIRCUITO | L58: SABANA DE PARRA | M58: 120/240/208 | N58: KM | O58: 0.5 | P58: YARACUY | Q58: URACHICHE | R58: URACHICHE | S58: 10/2025 | T58: 2026 | X58: 19116.25 | AD58: =+"PRT-"&P58&"-"&AI58 -> PRT-YARACUY-57 | AE58: COP | AH58: ACTUALIZADO 25/08/2025 | AI58: =+AI57+1 -> 57
A59: 762 | B59: ADECUACIÓN BT CAMBIO DE CALIBRE Y CONEXIONES SECTORES: CHIVACOA | C59: MEJORAS EN SECTORES DE BT EN: CHIVACOA | D59: MEJORAS EN LA RED DE BT SECTORES: CENTRO DE CHIVACOA | E59: PENDIENTE | F59: LA ADECUACIÓN DE LÍNEAS DE BAJA TENSIÓN *MEJORA LA EFICIENCIA, SEGURIDAD Y ESTABILIDAD DEL SUMINISTRO ELÉCTRICO*, REDUCIENDO PÉRDIDAS, FALLAS E INTERRUPCIONES, Y BENEFICIANDO A USUARIOS RESIDENCIALES E INDUSTRIALES. | G59: 57348.75 | H59: 3 | I59: INGENIERIA CONCEPTUAL | J59: POR EJECUTAR | K59: CIRCUITO | L59: CHIVACOA | M59: 120/240/208 | N59: KM | O59: 1.5 | P59: YARACUY | Q59: BRUZUAL | R59: CHIVACOA | S59: 10/2025 | T59: 2026 | X59: 57348.75 | AD59: =+"PRT-"&P59&"-"&AI59 -> PRT-YARACUY-58 | AE59: COP | AH59: ACTUALIZADO 25/08/2025 | AI59: =+AI58+1 -> 58
A60: 763 | B60: INSTALACIÓN INDICADORES DE FALLAS (IF) CTOS: AEROPUERTO, SAN PABLO, SAN JAVIER, CAÑAVERAL, SUCRE, EL GUAYABO Y FARRIAR. | C60: ADQUISICIÓN Y MONTAJE DE 48 INDICADORES DE FALLAS. | D60: SUMINISTRO E INSTALACIÓN DE 48 INDICADORES DE FALLA PARA CIRCUITOS DE LOS MUNICIPIOS: SAN FELIPE, INDEPENDENCIA, SUCRE, ARISTIDES BASTIDAS, LA TRINIDAD Y VEROES DEL ESTADO YARACUY. | E60: PENDIENTE | F60: LA INSTALACIÓN DE INDICADORES DE FALLA EN LÍNEAS AÉREAS DE MEDIA TENSIÓN *FACILITA LA DETECCIÓN RÁPIDA DE FALLOS, REDUCIENDO TIEMPOS DE RESPUESTA Y MEJORANDO LA EFICIENCIA EN LA RESTAURACIÓN DEL SERVICIO*. ESTO OPTIMIZA LA OPERACIÓN DEL SISTEMA ELÉCTRICO, MINIMIZA INTERRUPCIONES Y PERMITE UNA GESTIÓN MÁS EFECTIVA DEL MANTENIMIENTO, BENEFICIANDO A USUARIOS Y OPERADORES. | G60: 194400 | H60: 3 | I60: EN PLANIFICACION | J60: POR EJECUTAR | K60: CIRCUITO | L60: AEROPUERTO, SAN PABLO, SAN JAVIER, CAÑAVERAL, SUCRE, EL GUAYABO Y FARRIAR. | M60: 12,47 KV | N60: KM | O60: 50 | P60: YARACUY | Q60: SAN FELIPE, INDEPENDENCIA, SUCRE, ARISTIDES BASTIDAS, LA TRINIDAD Y VEROES | R60: SAN FELIPE, BORAURE, SAN PABLO, GUAMA, EL CHINO, CAÑAVERAL Y MARIN. | S60: 02/2026 | T60: 2026 | U60: 3/3/2026 | V60: 3/6/2026 | X60: 194400 | AD60: =+"PRT-"&P60&"-"&AI60 -> PRT-YARACUY-59 | AE60: COP | AH60: ACTUALIZADO 25/08/2025 | AI60: =+AI59+1 -> 59
A61: 764 | B61: INSTALACIÓN INDICADORES DE FALLAS (IF) CTOS: DUACA, SALOM, MANZANITA, EL ROSARIO, EL PALMAR Y URACHICHE. | C61: ADQUISICIÓN Y MONTAJE DE 48 INDICADORES DE FALLAS. | D61: SUMINISTRO E INSTALACIÓN DE 48 INDICADORES DE FALLA PARA CIRCUITOS DE LOS MUNICIPIOS: PEÑA, URACHICHE, BRUZUAL Y NIRGUA DEL ESTADO YARACUY. | E61: PENDIENTE | F61: LA INSTALACIÓN DE INDICADORES DE FALLA EN LÍNEAS AÉREAS DE MEDIA TENSIÓN *FACILITA LA DETECCIÓN RÁPIDA DE FALLOS, REDUCIENDO TIEMPOS DE RESPUESTA Y MEJORANDO LA EFICIENCIA EN LA RESTAURACIÓN DEL SERVICIO*. ESTO OPTIMIZA LA OPERACIÓN DEL SISTEMA ELÉCTRICO, MINIMIZA INTERRUPCIONES Y PERMITE UNA GESTIÓN MÁS EFECTIVA DEL MANTENIMIENTO, BENEFICIANDO A USUARIOS Y OPERADORES. | G61: 194400 | H61: 3 | I61: EN PLANIFICACION | J61: POR EJECUTAR | K61: CIRCUITO | L61: DUACA, SALOM, MANZANITA, EL ROSARIO, EL PALMAR Y URACHICHE. | M61: 13,8 KV | N61: KM | O61: 75 | P61: YARACUY | Q61: PEÑA, URACHICHE, BRUZUAL Y NIRGUA | R61: YARITAGUA, URACHICHE, CHIVACOA Y NIRGUA. | S61: 02/2026 | T61: 2026 | U61: 3/3/2026 | V61: 3/6/2026 | X61: 194400 | AD61: =+"PRT-"&P61&"-"&AI61 -> PRT-YARACUY-60 | AE61: COP | AH61: ACTUALIZADO 25/08/2025 | AI61: =+AI60+1 -> 60
A62: 765 | B62: SUSTITUCIÓN POSTES MT Y BT YARACUY, EN LOS CTOS DE LOS MUNICIPIOS: LA TRINIDAD, COCOROTE, SAN FELIPE, VEROES Y SUCRE. | C62: SUSTITUCIÓN DE POSTES DE M/T Y B/T CORROÍDOS, DETERIORADOS, DOBLADOS. EN LOS CTOS DE DISTRIBUCIÓN DEL ESTADO YARACUY: AEROPUERTO, SUCRE, CAÑAVERAL, MARIN Y SAN JAVIER. | D62: CAMBIO, SUSTITUCIÓN DE POSTES DE MT Y BT, QUE PRESENTAN ALTO DETERIORO, CORROSIÓN O DOBLADOS + 30°. | E62: PENDIENTE | F62: LA SUSTITUCIÓN DE POSTES DE MEDIA Y BAJA TENSIÓN EN *CONDICIONES EXTREMAS DE RIESGO POR CORROSIÓN* FORTALECE LA SEGURIDAD ESTRUCTURAL Y OPERATIVA DEL SISTEMA ELÉCTRICO, EVITANDO FALLAS Y ACCIDENTES. ESTO MEJORA LA CONFIABILIDAD DEL SERVICIO, MINIMIZA INTERRUPCIONES Y PROLONGA LA VIDA ÚTIL DE LA INFRAESTRUCTURA, BENEFICIANDO A COMUNIDADES Y ZONAS INDUSTRIALES. | G62: 27953.213 | H62: 5 | I62: INGENIERIA CONCEPTUAL | J62: POR EJECUTAR | K62: CIRCUITO | L62: AEROPUERTO, SUCRE, CAÑAVERAL, MARIN Y SAN JAVIER. | M62: 12,47 KV | N62: KM | O62: 25 | P62: YARACUY | Q62: LA TRINIDAD, COCOROTE, SAN FELIPE, VEROES Y SUCRE. | R62: SAN FELIPE, BORAURE, SAN PABLO, GUAMA, EL CHINO, CAÑAVERAL Y MARIN. | S62: 10/2025 | T62: 2026 | X62: 27953.213 | AD62: =+"PRT-"&P62&"-"&AI62 -> PRT-YARACUY-61 | AE62: COP | AH62: ACTUALIZADO 25/08/2025 | AI62: =+AI61+1 -> 61
A63: 766 | B63: SUSTITUCIÓN POSTES MT Y BT YARACUY, EN LOS CTOS DE LOS MUNICIPIOS: PEÑA, PAÉZ, BRUZUAL, URACHICHE Y NIRGUA. | C63: SUSTITUCIÓN DE POSTES DE M/T Y B/T CORROÍDOS, DETERIORADOS, DOBLADOS. EN CTOS DE DISTRIBUCIÓN YARACUY: PAYARE, CAMPO ELÍAS, NIRGUA, URACHICHE, SABANA DE PARRA, YARITAGUA NORTE. | D63: CAMBIO, SUSTITUCIÓN DE POSTES DE MT Y BT, QUE PRESENTAN ALTO DETERIORO, CORROSIÓN O DOBLADOS + 30°. | E63: PENDIENTE | F63: LA SUSTITUCIÓN DE POSTES DE MEDIA Y BAJA TENSIÓN EN *CONDICIONES EXTREMAS DE RIESGO POR CORROSIÓN* FORTALECE LA SEGURIDAD ESTRUCTURAL Y OPERATIVA DEL SISTEMA ELÉCTRICO, EVITANDO FALLAS Y ACCIDENTES. ESTO MEJORA LA CONFIABILIDAD DEL SERVICIO, MINIMIZA INTERRUPCIONES Y PROLONGA LA VIDA ÚTIL DE LA INFRAESTRUCTURA, BENEFICIANDO A COMUNIDADES Y ZONAS INDUSTRIALES. | G63: 27953.213 | H63: 5 | I63: INGENIERIA CONCEPTUAL | J63: POR EJECUTAR | K63: CIRCUITO | L63: PAYARE, CAMPO ELÍAS, NIRGUA, URACHICHE, SABANA DE PARRA, YARITAGUA NORTE. | M63: 13,8 KV | N63: KM | O63: 30 | P63: YARACUY | Q63: PEÑA, PAÉZ, BRUZUAL, URACHICHE Y NIRGUA. | R63: PEÑA, PAÉZ, BRUZUAL, URACHICHE Y NIRGUA. | S63: 10/2025 | T63: 2026 | X63: 27953.213 | AD63: =+"PRT-"&P63&"-"&AI63 -> PRT-YARACUY-62 | AE63: COP | AH63: ACTUALIZADO 25/08/2025 | AI63: =+AI62+1 -> 62
A64: 767 | B64: SUSTITUCIÓN CUCHILLAS MONOPOLARES MT EN EL CTO. AEROPUERTO S/E INDEPENDENCIA. | C64: CAMBIO DE 33 CUCHILLAS – SECCIONAMIENTOS MONOPOLARES DE 600 AMP EN EL CTO. AEROPUERTO DE LA S/E INDEPENDENCIA. | D64: SUSTITUIR LOS 11 PUNTOS INDICADOS EN LAS RESTRICCIONES OPERATIVAS CON SECCIONAMIENTO (CUCHILLAS) DAÑADAS EN EL CTO. AEROPUERTO DE S/E INDEPENDENCIA. | E64: PENDIENTE | F64: AUMENTO DE LA SELECTIVIDAD, Y EFICIENCIA OPERATIVA. GARANTIZA LA SEGURIDAD DE LAS OPERACIONES Y AUMENTA LA VIDA ÚTIL DE LA INFRAESTRUCTURA. | G64: 21737.5 | H64: 1 | I64: EN PLANIFICACION | J64: POR EJECUTAR | K64: CIRCUITO | L64: AEROPUERTO | M64: 12,47 KV | N64: KM | O64: 23 | P64: YARACUY | Q64: INDEPENDENCIA, COCOROTE Y LA TRINIDAD. | R64: RECORRIDO DEL CTO. AEROPUERTO DE S/E INDEPENDENCIA HASTA PALITO BLANCO BORAURE. | S64: 11/2025 | T64: 2026 | X64: 21737.5 | AD64: =+"PRT-"&P64&"-"&AI64 -> PRT-YARACUY-63 | AE64: COP | AH64: ACTUALIZADO 25/08/2025 | AI64: =+AI63+1 -> 63
A65: 768 | B65: SUSTITUCIÓN CUCHILLAS MONOPOLARES MT EN EL CTO. CAÑAVERAL S/E INDEPENDENCIA. | C65: CAMBIO DE 15 CUCHILLAS – SECCIONAMIENTOS MONOPOLARES DE 600 AMP EN EL CTO. CAÑAVERAL DE LA S/E INDEPENDENCIA. | D65: SUSTITUIR LOS 5 PUNTOS INDICADOS EN LAS RESTRICCIONES OPERATIVAS CON SECCIONAMIENTO (CUCHILLAS) DAÑADAS EN EL CTO. CAÑAVERAL DE S/E INDEPENDENCIA. | E65: PENDIENTE | F65: AUMENTO DE LA SELECTIVIDAD, Y EFICIENCIA OPERATIVA. GARANTIZA LA SEGURIDAD DE LAS OPERACIONES Y AUMENTA LA VIDA ÚTIL DE LA INFRAESTRUCTURA. | G65: 9880.68 | H65: 1 | I65: EN PLANIFICACION | J65: POR EJECUTAR | K65: CIRCUITO | L65: CAÑAVERAL | M65: 12,47 KV | N65: KM | O65: 9 | P65: YARACUY | Q65: INDEPENDENCIA, COCOROTE Y SAN FELIPE. | R65: RECORRIDO DEL CTO. CAÑAVERAL DE S/E INDEPENDENCIA HASTA LA MARROQUINA. | S65: 11/2025 | T65: 2026 | X65: 9880.68 | AD65: =+"PRT-"&P65&"-"&AI65 -> PRT-YARACUY-64 | AE65: COP | AH65: ACTUALIZADO 25/08/2025 | AI65: =+AI64+1 -> 64
A66: 769 | B66: SUSTITUCIÓN CUCHILLAS MONOPOLARES MT EN EL CTO. COCOROTE S/E INDEPENDENCIA. | C66: CAMBIO DE 27 CUCHILLAS – SECCIONAMIENTOS MONOPOLARES DE 600 AMP EN EL CTO. COCOROTE DE LA S/E INDEPENDENCIA. | D66: SUSTITUIR LOS 9 PUNTOS INDICADOS EN LAS RESTRICCIONES OPERATIVAS CON SECCIONAMIENTO (CUCHILLAS) DAÑADAS EN EL CTO. COCOROTE DE S/E INDEPENDENCIA. | E66: PENDIENTE | F66: AUMENTO DE LA SELECTIVIDAD, Y EFICIENCIA OPERATIVA. GARANTIZA LA SEGURIDAD DE LAS OPERACIONES Y AUMENTA LA VIDA ÚTIL DE LA INFRAESTRUCTURA. | G66: 17785.26 | H66: 1 | I66: EN PLANIFICACION | J66: POR EJECUTAR | K66: CIRCUITO | L66: COCOROTE | M66: 12,47 KV | N66: KM | O66: 18 | P66: YARACUY | Q66: INDEPENDENCIA Y COCOROTE. | R66: RECORRIDO DEL CTO. COCOROTE DE S/E INDEPENDENCIA HASTA INTERCONEXIÓN CON EL CTO. SUCRE EN JAIME. | S66: 01/2026 | T66: 2026 | U66: 3/3/2026 | V66: 3/4/2026 | X66: 17785.26 | AD66: =+"PRT-"&P66&"-"&AI66 -> PRT-YARACUY-65 | AE66: COP | AH66: ACTUALIZADO 25/08/2025 | AI66: =+AI65+1 -> 65
A67: 770 | B67: SUSTITUCIÓN DE CORTACORRIENTES S/F 100 AMP – Y PARARRAYOS 15 KV, PARA LOS CIRCUITOS DE LA S/E AROA Y PALMA SOLA. | C67: CAMBIO DE COMPONENTES (CORTACORRIENTE S/F 100 AMP Y PARARRAYOS) DAÑADOS O PUENTEADOS EN LOS CTOS. ASOCIADOS A LAS S/ES AROA Y PALMA SOLA DEL CS AROA. | D67: SUSTITUIR 200 CORTACORRIENTES S/F 100 AMP, EN LOS CTOS. ASOCIADOS A LA S/Es AROA Y PALMA SOLA, DEL C/S AROA. | E67: PENDIENTE | F67: PROTECCIÓN EFICIENTES DE EQUIPOS ANTE FALLAS, REDUCCIÓN DE INTERRUPCIONES DIRECTAS AL CTO, AUMENTO DE LA EFICIENCIA OPERACIONAL, FORTALECIMIENTO DE LA SEGURIDAD. | G67: 297440 | H67: 3 | I67: EN PLANIFICACION | J67: POR EJECUTAR | K67: CIRCUITO | L67: AROA, CAYURE, CARABOBO, LAS CUMARAGUAS, PALMA SOLA, PUEBLO NUEVO, YUMARE EXPRESS Y CENTRAL YUQUERO. | M67: 13,8 KV | N67: KM | O67: 100 | P67: YARACUY | Q67: BOLIVAR, MANUEL MONGE Y VEROES (PUEBLO NUEVO) Y PALMA SOLA (FALCÓN) | R67: BOLIVAR, MANUEL MONGE Y VEROES (PUEBLO NUEVO) Y PALMA SOLA (FALCÓN) | S67: 2/2026 | T67: 2026 | U67: 3/3/2026 | V67: 3/6/2026 | X67: 297440 | AD67: =+"PRT-"&P67&"-"&AI67 -> PRT-YARACUY-66 | AE67: COP | AH67: ACTUALIZADO 25/08/2025 | AI67: =+AI66+1 -> 66
A68: 771 | B68: SUSTITUCIÓN DE CORTACORRIENTES S/F 100 AMP – Y PARARRAYOS 15 KV, PARA LOS CIRCUITOS DE LA S/E YARITAGUA Y CHIVACOA. | C68: CAMBIO DE COMPONENTES (CORTACORRIENTE S/F 100 AMP Y PARARRAYOS) DAÑADOS O PUENTEADOS EN LOS CTOS. ASOCIADOS A LAS S/E YARITAGUA Y CHIVACOA. | D68: SUSTITUIR 300 CORTACORRIENTES S/F 100 AMP, EN LOS CTOS. ASOCIADOS A LAS S/Es YARITAGUA Y CHIVACOA. DEL C/S YARITAGUA. | E68: PENDIENTE | F68: PROTECCIÓN EFICIENTES DE EQUIPOS ANTE FALLAS, REDUCCIÓN DE INTERRUPCIONES DIRECTAS AL CTO, AUMENTO DE LA EFICIENCIA OPERACIONAL, FORTALECIMIENTO DE LA SEGURIDAD. | G68: 371800 | H68: 4 | I68: EN PLANIFICACION | J68: POR EJECUTAR | K68: CIRCUITO | L68: AGUARUCA, PAYARE, CAMPO ELÍAS, DUACA, MANZANITA, EL PALMAR. | M68: 13,8 KV | N68: KM | O68: 175 | P68: YARACUY | Q68: CHIVACOA, PEÑA. | R68: CHIVACOA, PEÑA. | S68: 2/2026 | T68: 2026 | U68: 3/3/2026 | V68: 3/7/2026 | X68: 371800 | AD68: =+"PRT-"&P68&"-"&AI68 -> PRT-YARACUY-67 | AE68: COP | AH68: ACTUALIZADO 25/08/2025 | AI68: =+AI67+1 -> 67
A69: 772 | B69: SUSTITUCIÓN DE CORTACORRIENTES S/F 100 AMP – Y PARARRAYOS 15 KV, PARA LOS CIRCUITOS DE LA S/E SABANA DE PARRA. | C69: CAMBIO DE COMPONENTES (CORTACORRIENTE S/F 100 AMP Y PARARRAYOS) DAÑADOS O PUENTEADOS EN LOS CTOS. ASOCIADOS A LA S/E SABANA DE PARRA. | D69: SUSTITUIR 100 CORTACORRIENTES S/F 100 AMP, EN LOS CTOS. ASOCIADOS A LA S/E SABANA DE PARRA DEL C/S YARITAGUA. | E69: PENDIENTE | F69: PROTECCIÓN EFICIENTES DE EQUIPOS ANTE FALLAS, REDUCCIÓN DE INTERRUPCIONES DIRECTAS AL CTO, AUMENTO DE LA EFICIENCIA OPERACIONAL, FORTALECIMIENTO DE LA SEGURIDAD. | G69: 148720 | H69: 1 | I69: EN PLANIFICACION | J69: POR EJECUTAR | K69: CIRCUITO | L69: SABANA DE PARRA, LA PERREÑA Y URACHICHE. | M69: 13,8 KV | N69: KM | O69: 55 | P69: YARACUY | Q69: JOSE ANTONIO PAÉZ | R69: SABANA DE PARRA, CAMUNARE Y URACHICHE. | S69: 46054 | T69: 2026 | U69: 3/3/2026 | V69: 3/4/2026 | X69: 148720 | AD69: =+"PRT-"&P69&"-"&AI69 -> PRT-YARACUY-68 | AE69: COP | AH69: ACTUALIZADO 25/08/2025 | AI69: =+AI68+1 -> 68
A70: 773 | B70: SUSTITUCIÓN DE CORTACORRIENTES S/F 100 AMP – Y PARARRAYOS 15 KV, PARA LOS CIRCUITOS DE LA S/E INDEPENDENCIA. | C70: CAMBIO DE COMPONENTES (CORTACORRIENTE S/F 100 AMP Y PARARRAYOS) DAÑADOS O PUENTEADOS EN LOS CTOS. ASOCIADOS A LA S/E INDEPENDENCIA DEL C/S SAN FELIPE. | D70: SUSTITUIR 400 CORTACORRIENTES S/F 100 AMP, EN LOS CTOS. ASOCIADOS A LA S/E INDEPENDENCIA DEL C/S SAN FELIPE. | E70: PENDIENTE | F70: PROTECCIÓN EFICIENTES DE EQUIPOS ANTE FALLAS, REDUCCIÓN DE INTERRUPCIONES DIRECTAS AL CTO, AUMENTO DE LA EFICIENCIA OPERACIONAL, FORTALECIMIENTO DE LA SEGURIDAD. | G70: 594880 | H70: 5 | I70: EN PLANIFICACION | J70: POR EJECUTAR | K70: CIRCUITO | L70: AEROPUERTO, CAÑAVERAL, SUCRE, SAN PABLO, SAN JAVIER, HIGUERÓN, SAN ANTONIO, SAN RAFAEL. | M70: 12,47 KV | N70: KM | O70: 325 | P70: YARACUY | Q70: INDEPENDENCIA, SAN FELIPE, SAN PABLO, COCOROTE, LA TRINIDAD Y SUCRE. | R70: INDEPENDENCIA, SAN FELIPE, SAN PABLO, COCOROTE, LA TRINIDAD Y SUCRE. | S70: 46054 | T70: 2026 | U70: 3/3/2026 | V70: 3/8/2026 | X70: 594880 | AD70: =+"PRT-"&P70&"-"&AI70 -> PRT-YARACUY-69 | AE70: COP | AH70: ACTUALIZADO 25/08/2025 | AI70: =+AI69+1 -> 69
A71: 774 | B71: SUSTITUCIÓN DE CORTACORRIENTES S/F 100 AMP – Y PARARRAYOS 15 KV, PARA LOS CIRCUITOS DE LA S/E CARBONERO. | C71: CAMBIO DE COMPONENTES (CORTACORRIENTE S/F 100 AMP Y PARARRAYOS) DAÑADOS O PUENTEADOS EN LOS CTOS. ASOCIADOS A LA S/E CARBONERO DEL C/S SAN FELIPE. | D71: SUSTITUIR 150 CORTACORRIENTES S/F 100 AMP, EN LOS CTOS. ASOCIADOS A LA S/E CARBONERO DEL C/S SAN FELIPE. | E71: PENDIENTE | F71: PROTECCIÓN EFICIENTES DE EQUIPOS ANTE FALLAS, REDUCCIÓN DE INTERRUPCIONES DIRECTAS AL CTO, AUMENTO DE LA EFICIENCIA OPERACIONAL, FORTALECIMIENTO DE LA SEGURIDAD. | G71: 223080 | H71: 2 | I71: EN PLANIFICACION | J71: POR EJECUTAR | K71: CIRCUITO | L71: AEROPUERTO, CAÑAVERAL, SUCRE, SAN PABLO, SAN JAVIER, HIGUERÓN, SAN ANTONIO, SAN RAFAEL. | M71: 12,47 KV | N71: KM | O71: 325 | P71: YARACUY | Q71: SAN FELIPE Y VEROES. | R71: SAN FELIPE Y VEROES. | S71: 46113 | T71: 2026 | U71: 3/3/2026 | V71: 3/5/2026 | X71: 223080 | AD71: =+"PRT-"&P71&"-"&AI71 -> PRT-YARACUY-70 | AE71: COP | AH71: ACTUALIZADO 25/08/2025 | AI71: =+AI70+1 -> 70
A72: 775 | B72: COMPENSACIÓN REACTIVA INSTALACIÓN DE BANCOS DE CONDENSADORES CIRCUITOS YARACUY | C72: REACTIVACIÓN DE BANCOS DE CONDENSADORES EN RED DE MEDIA TENSIÓN CON FALTA DE EQUIPOS DE MANIOBRA Y PROTECCIÓN. | D72: INSTALACIÓN DE JUEGO DE CONDENSADORES EN LOS CTO: MANZANITA, PAYARE, DUACA, YARITAGUA NORTE Y YARITAGUA SUR, SUCRE, SAN PABLO, AEROPUERTO, CAÑAVERAL, HIDROOCCIDENTAL, SALOM, NIRGUA, ZONA INDUSTRIAL NIRGUA, LA MONTAÑA,CARABOBO, CAYURE, GUAYABO, FARRIAR, CENTRAL PALMA SOLA, YUMARE EXPRESS,AGURUCA, CAMPO ELÍAS, CERÁMICAS CARIBE, CHIVACOA, ZONA INDUSTRIAL CHIVACOA, SABANA DE PARRA, URACHICHE (16,6 MVAR) | E72: PENDIENTE | F72: LA INSTALACIÓN DE BANCOS DE CONDENSADORES PARA COMPENSACIÓN REACTIVA *MEJORA EL FACTOR DE POTENCIA, OPTIMIZA LA EFICIENCIA ENERGÉTICA Y REDUCE PÉRDIDAS EN LA RED*, DISMINUYENDO COSTOS OPERATIVOS Y MEJORANDO LA ESTABILIDAD DEL SISTEMA ELÉCTRICO. ESTO BENEFICIA TANTO A USUARIOS INDUSTRIALES COMO COMERCIALES, PROLONGANDO LA VIDA ÚTIL DE LOS EQUIPOS Y GARANTIZANDO UN SUMINISTRO MÁS CONFIABLE. | G72: 350273.87 | H72: 5 | I72: INGENIERIA CONCEPTUAL | J72: POR EJECUTAR | K72: CIRCUITO | L72: COMPENSACIÓN REACTIVA | M72: 13.8 | N72: MVAR | O72: 16.6 | P72: YARACUY | Q72: TODOS | R72: ESTADO YARACUY | S72: 46082 | T72: 2026 | U72: 3/3/2026 | V72: 3/8/2026 | X72: 350273.87 | AD72: =+"PRT-"&P72&"-"&AI72 -> PRT-YARACUY-71 | AE72: CRA | AH72: ACTUALIZADO 25/08/2025 | AI72: =+AI71+1 -> 71
A73: 776 | B73: ADECUACIÓN INTEGRAL DE SUBESTACIÓN SABANA DE PARRA 34.5713,8 KV. REEMPLAZO Y SUSTITUCIÓN DE EQUIPOS. | C73: ADECUACIÓN DE LA SUBESTACIÓN SABANA DE PARRA 34.5 KV / 13.8 KV 2. DIAGNÓSTICO Y CONDICIONES ACTUALES 2.1. TRANSFORMADOR #1 – 10 MVA • INTERRUPTOR PRINCIPAL (MARCA ALSTHOM): PRESENTA UNA RESISTENCIA DE CONTACTO ELEVADA (900 µΩ), LO QUE COMPROMETE SU OPERACIÓN Y DESPEJE DE FALLAS. SE RECOMIENDA SU SUSTITUCIÓN INMEDIATA. COSTO ESTIMADO: NO DISPONIBLE EN BÚSQUEDA DIRECTA. • BANCO DE BATERÍAS (DC): SE REQUIERE EL REEMPLAZO URGENTE DE 9 BATERÍAS ES 15-12 (12V, 15AH) PARA RESTABLECER LOS SERVICIOS AUXILIARES DEL CUBÍCULO DEL TRANSFORMADOR. COSTO ESTIMADO: 50,13 $ POR UNIDAD. 2.2. TRANSFORMADOR #2 – 5 MVA • CUBÍCULO DE PROTECCIONES: DESMANTELADO POR DAÑOS OCASIONADOS POR DESCARGA ATMOSFÉRICA. SE REQUIERE REPARACIÓN O ADQUISICIÓN DE UN NUEVO CUBÍCULO PARA GARANTIZAR PROTECCIÓN Y ALARMAS OPERATIVAS. COSTO ESTIMADO: NO DISPONIBLE EN BÚSQUEDA DIRECTA. • INTERRUPTOR DE PROTECCIÓN (MARCA HORIZON): FUERA DE SERVICIO POR FALTA DE FUENTE DE CORRIENTE CONTINUA (120 TAC A 120 VD) Y AUSENCIA DE SOFTWARE DE PROGRAMACIÓN. COSTO ESTIMADO: NO DISPONIBLE EN BÚSQUEDA DIRECTA. 2.3. PÓRTICO DE LLEGADA Y SALIDA | D73: 1. Sustituir interruptores principales y equipos de protección para mejorar la confiabilidad operativa. 2. Reemplazar banco de baterías y cubículo de protecciones para restablecer seguridad y funcionalidad. 3. Instalar seccionadores y cortacorrientes para optimizar maniobras y continuidad del servicio. 4. Reparar cerca perimetral, iluminación y accesos para fortalecer la seguridad física. 5. Implementar estudio de coordinación de protecciones para minimizar fallas en la red. | E73: El Proyecto se encuentra en fase de Planificación, requiriendo el Desarrollo de la Ingeniería de Detalle, la estimación de costos asociados a cada componente crítico y la estructuración del cronograma de ejecución. Estas actividades son fundamentales para validar la factibilidad técnica y económica, optimizar la asignación de recursos y garantizar su integración efectiva dentro del Plan de Recuperación y Transformación del SEN. | F73: Resultados de Inspección: Impacto en el SEN La inspección técnica realizada por Hugo Alvarado ha puesto en evidencia la urgencia de intervención en la Subestación Sabana de Parra, destacando fallas críticas que comprometen la continuidad operativa y la seguridad del suministro eléctrico. Las deficiencias detectadas representan un riesgo elevado de interrupciones prolongadas en los municipios Páez y Urachiche, Estado Yaracuy, lo que impactaría directamente a sectores estratégicos, incluyendo infraestructura pública, servicios esenciales, industrias y comunidades residenciales. Este informe técnico se establece como un documento clave en la planificación y ejecución de las acciones necesarias para la recuperación y modernización de la subestación, dentro del Plan de Recuperación y Transformación del SEN. Su implementación fortalecerá la estabilidad del sistema eléctrico, garantizará la confiabilidad operativa y optimizará la respuesta ante contingencias, asegurando un suministro eficiente y seguro para la región. | G73: 425000 | H73: 7 | I73: EN PLANIFICACION | J73: POR EJECUTAR | K73: SUBESTACION | L73: S/E SABANA DE PARRA | M73: 34.5 | N73: MVA | O73: 15 | P73: YARACUY | Q73: JOSE ANTONIO PAÉZ | R73: AUTOPISTA CENTRO OCCIDENTAL CIMARRÓN - ANDRESOTE, PARROQUIA SABANA DE PARRA, MUNICIPIO JOSE ANTONIO PAÉZ, YARACUY. 10°07'42.4"N 69°01'55.1"W | S73: 46054 | T73: 2026 | U73: 3/3/2026 | V73: 3/10/2026 | X73: 425000 | AD73: =+"PRT-"&P73&"-"&AI73 -> PRT-YARACUY-72 | AE73: SEOP | AH73: ACTUALIZADO 25/08/2025 | AI73: =+AI72+1 -> 72

Sheet CONSULTA FICHA PROYECTO
A1: PRT-ESTADO-NNN
A2: PRT-YARACUY-24
A3: ESTADO | B3: MUNICIPIO | C3: DIRECCION | E3: SITUACION ACTUAL DEL PROYECTO | F3: FASE DEL PROYECTO | G3: TIPO DE INSTALACIÓN | H3: NOMBRE DE LA INSTALACIÓN | I3: NIVEL DE TENSIÓN | J3: UNIDAD DE MEDIDA ( MVA, MW, km) | K3: CAPACIDAD KM o MVAR
A4: =_xlfn.XLOOKUP(A2,'PRTSEN YARACUY (ACTUALIZADO)'!AD1:AD73,'PRTSEN YARACUY (ACTUALIZADO)'!P1:P73,"NO EXISTE",0) -> #NAME? | B4: =_xlfn.XLOOKUP(A2,'PRTSEN YARACUY (ACTUALIZADO)'!AD1:AD73,'PRTSEN YARACUY (ACTUALIZADO)'!Q1:Q73,"NO EXISTE",0) -> #NAME? | C4: =_xlfn.XLOOKUP(A2,'PRTSEN YARACUY (ACTUALIZADO)'!AD1:AD73,'PRTSEN YARACUY (ACTUALIZADO)'!R1:R73,"NO EXISTE",0) -> #NAME? | E4: =_xlfn.XLOOKUP(A2,'PRTSEN YARACUY (ACTUALIZADO)'!AD1:AD73,'PRTSEN YARACUY (ACTUALIZADO)'!E1:E73,"NO EXISTE",0) -> #NAME? | F4: =_xlfn.XLOOKUP(A2,'PRTSEN YARACUY (ACTUALIZADO)'!AD1:AD73,'PRTSEN YARACUY (ACTUALIZADO)'!I1:I73,"NO EXISTE",0) -> #NAME? | G4: =_xlfn.XLOOKUP(A2,'PRTSEN YARACUY (ACTUALIZADO)'!AD1:AD73,'PRTSEN YARACUY (ACTUALIZADO)'!K1:K73,"NO EXISTE",0) -> #NAME? | H4: =_xlfn.XLOOKUP(A2,'PRTSEN YARACUY (ACTUALIZADO)'!AD1:AD73,'PRTSEN YARACUY (ACTUALIZADO)'!L1:L73,"NO EXISTE",0) -> #NAME? | I4: =_xlfn.XLOOKUP(A2,'PRTSEN YARACUY (ACTUALIZADO)'!AD1:AD73,'PRTSEN YARACUY (ACTUALIZADO)'!M1:M73,"NO EXISTE",0) -> #NAME? | J4: =_xlfn.XLOOKUP(A2,'PRTSEN YARACUY (ACTUALIZADO)'!AD1:AD73,'PRTSEN YARACUY (ACTUALIZADO)'!N1:N73,"NO EXISTE",0) -> #NAME? | K4: =_xlfn.XLOOKUP(A2,'PRTSEN YARACUY (ACTUALIZADO)'!AD1:AD73,'PRTSEN YARACUY (ACTUALIZADO)'!O1:O73,"NO EXISTE",0) -> #NAME?
A5: NOMBRE DEL PROYECTO | E5: FOTOGRAFIA
A6: =_xlfn.XLOOKUP(A2,'PRTSEN YARACUY (ACTUALIZADO)'!AD1:AD73,'PRTSEN YARACUY (ACTUALIZADO)'!B1:B73,"NO EXISTE",0) -> #NAME?
A7: DESCRIPCION DEL PROYECTO
A8: =_xlfn.XLOOKUP(A2,'PRTSEN YARACUY (ACTUALIZADO)'!AD1:AD73,'PRTSEN YARACUY (ACTUALIZADO)'!C1:C73,"NO EXISTE",0) -> #NAME?
A9: ALCANCE DEL PROYECTO
A10: =_xlfn.XLOOKUP(A2,'PRTSEN YARACUY (ACTUALIZADO)'!AD1:AD73,'PRTSEN YARACUY (ACTUALIZADO)'!D1:D73,"NO EXISTE",0) -> #NAME?
A11: IMPACTO PARA EL SEN
A12: =_xlfn.XLOOKUP(A2,'PRTSEN YARACUY (ACTUALIZADO)'!AD1:AD73,'PRTSEN YARACUY (ACTUALIZADO)'!F1:F73,"NO EXISTE",0) -> #NAME?
A13: NÙMERO DE FAMILIAS BENEFICIADAS
A15: PERIODO DE EJECUCIÓN | B15: LAPSO DE EJECUCION (EN MESES) | C15: INICIO | D15: FIN
B16: =(YEAR(D16)-YEAR(C16))*12 + MONTH(D16)-MONTH(C16) -> #NAME? | C16: =_xlfn.XLOOKUP(A2,'PRTSEN YARACUY (ACTUALIZADO)'!AD1:AD73,'PRTSEN YARACUY (ACTUALIZADO)'!U1:U73,"SIN FECHA",0) -> #NAME? | D16: =_xlfn.XLOOKUP(A2,'PRTSEN YARACUY (ACTUALIZADO)'!AD1:AD73,'PRTSEN YARACUY (ACTUALIZADO)'!V1:V73,"SIN FECHA",0) -> #NAME?
A17: MONTO DE INVERSION ($) | B17: =_xlfn.XLOOKUP(A2,'PRTSEN YARACUY (ACTUALIZADO)'!AD1:AD73,'PRTSEN YARACUY (ACTUALIZADO)'!G1:G73,"SIN CALCULOS",0) -> #NAME? | C17: FUENTE DE FINANCIAMIENTO | E17: 2025 | F17: 2026 | G17: 2027 | H17: 2028 | I17: 2029 | J17: 2030 | K17: 2031
E18: =_xlfn.XLOOKUP($A$2,'PRTSEN YARACUY (ACTUALIZADO)'!$AD$1:$AD$73,'PRTSEN YARACUY (ACTUALIZADO)'!W1:W73,"0",0) -> #NAME? | F18: =_xlfn.XLOOKUP($A$2,'PRTSEN YARACUY (ACTUALIZADO)'!$AD$1:$AD$73,'PRTSEN YARACUY (ACTUALIZADO)'!X1:X73,"0",0) -> #NAME? | G18: =_xlfn.XLOOKUP($A$2,'PRTSEN YARACUY (ACTUALIZADO)'!$AD$1:$AD$73,'PRTSEN YARACUY (ACTUALIZADO)'!Y1:Y73,"0",0) -> #NAME? | H18: =_xlfn.XLOOKUP($A$2,'PRTSEN YARACUY (ACTUALIZADO)'!$AD$1:$AD$73,'PRTSEN YARACUY (ACTUALIZADO)'!Z1:Z73,"0",0) -> #NAME? | I18: =_xlfn.XLOOKUP($A$2,'PRTSEN YARACUY (ACTUALIZADO)'!$AD$1:$AD$73,'PRTSEN YARACUY (ACTUALIZADO)'!AA1:AA73,"0",0) -> #NAME? | J18: =_xlfn.XLOOKUP($A$2,'PRTSEN YARACUY (ACTUALIZADO)'!$AD$1:$AD$73,'PRTSEN YARACUY (ACTUALIZADO)'!AB1:AB73,"0",0) -> #NAME? | K18: =_xlfn.XLOOKUP($A$2,'PRTSEN YARACUY (ACTUALIZADO)'!$AD$1:$AD$73,'PRTSEN YARACUY (ACTUALIZADO)'!AC1:AC73,"0",0) -> #NAME?
A19: OBSERVACIONES
A20: =IF(_xlfn.XLOOKUP(A2,'PRTSEN YARACUY (ACTUALIZADO)'!AD1:AD73,'PRTSEN YARACUY (ACTUALIZADO)'!AF1:AF73,"",0)=0,"",_xlfn.XLOOKUP(A2,'PRTSEN YARACUY (ACTUALIZADO)'!AD1:AD73,'PRTSEN YARACUY (ACTUALIZADO)'!AF1:AF73,"",0)) -> #NAME?

Sheet SEGMENTO RECUPERAC
A4: YARACUY | D4: 2 | E4: 3 | J4: 6 | K4: 7 | M4: 8 | N4: 9 | P4: 10 | Q4: 11
A13: Responsable : | B13: GERENCIA GENERAL DE DISTRIBUCION | D13: SUBESTACIONES | G13: CIRCUITOS AEREOS Y SUBTERRANEOS | J13: TRANSFORMADORES DE POTENCIA | M13: COMPENSACIÓN REACTIVA EN LA RED | P13: PROTECCIONES SUPERVISIÓN, CONTROL Y MEDICIÓN REMOTA | S13: INVERSIONES
A14: Fecha :
A16: ENTIDAD FEDERAL | B16: =+A4 -> YARACUY | D16: CANTIDAD | E16: INVERSIÓN | G16: CANTIDAD | H16: INVERSIÓN | J16: CANTIDAD | K16: INVERSIÓN | M16: CANTIDAD | N16: INVERSIÓN | P16: CANTIDAD | Q16: INVERSIÓN | S16: INVERSIONES
D17: (No SE) | E17: (MM$) | G17: (No CIRCUITO) | H17: (MM$) | J17: (No TRX) | K17: (MM$) | M17: (No PROYECTO) | N17: (MM$) | P17: (No SE ) | Q17: (MM$) | S17: (MM$)
A19: RESTRICCIONES OPERATIVAS DE DISTRIBUCIÓN CED | D19: 1 | E19: 0.425 | G19: 69 | H19: 10.813499 | J19: 0 | K19: 0 | M19: 0 | N19: 0 | P19: 2 | Q19: 0.6837 | S19: =E19+H19+K19+N19+Q19 -> 11.922199
A25: PROBLEMÁTICA EN DISTRIBUCIÓN A NIVEL NACIONAL | D25: 0 | E25: 0 | G25: 3 | H25: 0.72676 | J25: 0 | K25: 0 | M25: 1 | N25: 0.35027387 | P25: 0 | Q25: 0 | S25: =E25+H25+K25+N25+Q25 -> 1.0770339
A31: EQUIPOS TRANSFORMADORES DE DE DISTRIBUCIÓN | D31: TRANSFORMADORES DE DISTRIBUCION DE 15, 25, 37.5, 50, 75, 100 KVA PARA LA ATENCION DEL 1X10 A RAZON DE 89 TRANSFORMADORES POR AÑOS | S31: 1.1125
A37: EQUIPOS (INTERRUPTORES SECCIONADORES) | D37: BANCO DE BATERIAS, INTERRUPTORES, RECONECTADORES, REGULADORES, SECCIONADORES, SERVICIOS AUXILIARES, SISTEMA DE PUESTA A TIERRA | S37: 0.162611
A43: MATERIALES DE ALTA ROTACIÓN | D43: AISLADORES POLIMÉRICOS Y DE PORCELANAS, TEIPES DE GOMA Y PLÁSTICO, PORTAFUSIBLES CON FUSIBLES, CONECTORES BIMETÁLICOS, COPAS TERMINALES, CONECTORES KS, CONECTORES TIPO AMPAC DE DIFERENTES CALIBRES, PLETINAS Y CRUCETAS, ABRAZADERAS, GRILLETES, PALILLOS, CABLES Y CONDUCTORES, CONEXIONES PREMOLDEADAS Y ACCESORIOS, CORTACORRIENTE Y/O SECCIONADOR, DESCARGADOR, POSTES. | S43: 2.9882372
N49: CANTIDAD DE PROYECTOS | S49: =+D19+D25+G19+G25+J19+J25+M19+M25+P19+P25 -> 76
N51: TOTAL (MM$) | S51: =+S43+S31+S25+S19+S37 -> 17.262581

Sheet PRT-YARACUY-1
A1: PRT-ESTADO-NNN
A2: PRT-YARACUY-1
A3: ESTADO | B3: MUNICIPIO | C3: DIRECCION | E3: SITUACION ACTUAL DEL PROYECTO | F3: FASE DEL PROYECTO | G3: TIPO DE INSTALACIÓN | H3: NOMBRE DE LA INSTALACIÓN | I3: NIVEL DE TENSIÓN | J3: UNIDAD DE MEDIDA ( MVA, MW, km) | K3: CAPACIDAD KM o MVAR
A4: =_xlfn.XLOOKUP(A2,'PRTSEN YARACUY (ACTUALIZADO)'!AD1:AD73,'PRTSEN YARACUY (ACTUALIZADO)'!P1:P73,"NO EXISTE",0) -> YARACUY | B4: =_xlfn.XLOOKUP(A2,'PRTSEN YARACUY (ACTUALIZADO)'!AD1:AD73,'PRTSEN YARACUY (ACTUALIZADO)'!Q1:Q73,"NO EXISTE",0) -> BOLÍVAR | C4: =_xlfn.XLOOKUP(A2,'PRTSEN YARACUY (ACTUALIZADO)'!AD1:AD73,'PRTSEN YARACUY (ACTUALIZADO)'!R1:R73,"NO EXISTE",0) -> AROA | E4: =_xlfn.XLOOKUP(A2,'PRTSEN YARACUY (ACTUALIZADO)'!AD1:AD73,'PRTSEN YARACUY (ACTUALIZADO)'!E1:E73,"NO EXISTE",0) -> PENDIENTE | F4: =_xlfn.XLOOKUP(A2,'PRTSEN YARACUY (ACTUALIZADO)'!AD1:AD73,'PRTSEN YARACUY (ACTUALIZADO)'!I1:I73,"NO EXISTE",0) -> EN PLANIFICACION | G4: =_xlfn.XLOOKUP(A2,'PRTSEN YARACUY (ACTUALIZADO)'!AD1:AD73,'PRTSEN YARACUY (ACTUALIZADO)'!K1:K73,"NO EXISTE",0) -> CIRCUITO | H4: =_xlfn.XLOOKUP(A2,'PRTSEN YARACUY (ACTUALIZADO)'!AD1:AD73,'PRTSEN YARACUY (ACTUALIZADO)'!L1:L73,"NO EXISTE",0) -> AROA | I4: =_xlfn.XLOOKUP(A2,'PRTSEN YARACUY (ACTUALIZADO)'!AD1:AD73,'PRTSEN YARACUY (ACTUALIZADO)'!M1:M73,"NO EXISTE",0) -> 13,8 KV | J4: =_xlfn.XLOOKUP(A2,'PRTSEN YARACUY (ACTUALIZADO)'!AD1:AD73,'PRTSEN YARACUY (ACTUALIZADO)'!N1:N73,"NO EXISTE",0) -> MVA | K4: =_xlfn.XLOOKUP(A2,'PRTSEN YARACUY (ACTUALIZADO)'!AD1:AD73,'PRTSEN YARACUY (ACTUALIZADO)'!O1:O73,"NO EXISTE",0) -> 14
A5: NOMBRE DEL PROYECTO | E5: FOTOGRAFIA
A6: =_xlfn.XLOOKUP(A2,'PRTSEN YARACUY (ACTUALIZADO)'!AD1:AD73,'PRTSEN YARACUY (ACTUALIZADO)'!B1:B73,"NO EXISTE",0) -> INSTALACIÓN DE 4 RECONECTADORES EN LA RED DE M.T S/E AROA 13.8 KV
A7: DESCRIPCION DEL PROYECTO
A8: =_xlfn.XLOOKUP(A2,'PRTSEN YARACUY (ACTUALIZADO)'!AD1:AD73,'PRTSEN YARACUY (ACTUALIZADO)'!C1:C73,"NO EXISTE",0) -> INSTALACIÓN DE 4 RECONECTADOR EN S/E AROA SALIDAS DE LOS CTOS: AROA, CARABOBO, CAYURE Y LAS CUMARAGUAS.
A9: ALCANCE DEL PROYECTO
A10: =_xlfn.XLOOKUP(A2,'PRTSEN YARACUY (ACTUALIZADO)'!AD1:AD73,'PRTSEN YARACUY (ACTUALIZADO)'!D1:D73,"NO EXISTE",0) -> PARA LA SALIDA (PÓRTICOS) DE LOS CTOS: AROA, CARABOBO, CAYURE Y LAS CUMARAGUAS. RECONECTADOR AUTOMÁTICO. TENSIÓN NOMINAL 15.6KV, CORRIENTE NOMINAL 650 AMP, CORRIENTE DE FALLA 40KA
A11: IMPACTO PARA EL SEN
A12: =_xlfn.XLOOKUP(A2,'PRTSEN YARACUY (ACTUALIZADO)'!AD1:AD73,'PRTSEN YARACUY (ACTUALIZADO)'!F1:F73,"NO EXISTE",0) -> LA INSTALACIÓN DE RECONECTADORES AUTOMÁTICOS EN REDES AÉREAS *PERMITE LA AUTOMATIZACIÓN Y MONITOREO DEL SISTEMA ELÉCTRICO, MEJORANDO LA DETECCIÓN Y RECUPERACIÓN ANTE FALLAS*. ESTO OPTIMIZA LA CONTINUIDAD DEL SERVICIO, REDUCE TIEMPOS DE INTERRUPCIÓN Y MINIMIZA EL IMPACTO DE EVENTOS TRANSITORIOS, GARANTIZANDO MAYOR ESTABILIDAD Y EFICIENCIA OPERATIVA EN LA RED
A13: NÙMERO DE FAMILIAS BENEFICIADAS
A15: PERIODO DE EJECUCIÓN | B15: LAPSO DE EJECUCION (EN MESES) | C15: INICIO | D15: FIN
B16: =(YEAR(D16)-YEAR(C16))*12 + MONTH(D16)-MONTH(C16) -> 6 | C16: =_xlfn.XLOOKUP(A2,'PRTSEN YARACUY (ACTUALIZADO)'!AD1:AD73,'PRTSEN YARACUY (ACTUALIZADO)'!U1:U73,"SIN FECHA",0) -> 3/3/2026 | D16: =_xlfn.XLOOKUP(A2,'PRTSEN YARACUY (ACTUALIZADO)'!AD1:AD73,'PRTSEN YARACUY (ACTUALIZADO)'!V1:V73,"SIN FECHA",0) -> 3/9/2026
A17: MONTO DE INVERSION ($) | B17: =_xlfn.XLOOKUP(A2,'PRTSEN YARACUY (ACTUALIZADO)'!AD1:AD73,'PRTSEN YARACUY (ACTUALIZADO)'!G1:G73,"SIN CALCULOS",0) -> 300000 | C17: FUENTE DE FINANCIAMIENTO | E17: 2025 | F17: 2026 | G17: 2027 | H17: 2028 | I17: 2029 | J17: 2030 | K17: 2031
E18: =_xlfn.XLOOKUP($A$2,'PRTSEN YARACUY (ACTUALIZADO)'!$AD$1:$AD$73,'PRTSEN YARACUY (ACTUALIZADO)'!W1:W73,"0",0) -> 0 | F18: =_xlfn.XLOOKUP($A$2,'PRTSEN YARACUY (ACTUALIZADO)'!$AD$1:$AD$73,'PRTSEN YARACUY (ACTUALIZADO)'!X1:X73,"0",0) -> 300000 | G18: =_xlfn.XLOOKUP($A$2,'PRTSEN YARACUY (ACTUALIZADO)'!$AD$1:$AD$73,'PRTSEN YARACUY (ACTUALIZADO)'!Y1:Y73,"0",0) -> 0 | H18: =_xlfn.XLOOKUP($A$2,'PRTSEN YARACUY (ACTUALIZADO)'!$AD$1:$AD$73,'PRTSEN YARACUY (ACTUALIZADO)'!Z1:Z73,"0",0) -> 0 | I18: =_xlfn.XLOOKUP($A$2,'PRTSEN YARACUY (ACTUALIZADO)'!$AD$1:$AD$73,'PRTSEN YARACUY (ACTUALIZADO)'!AA1:AA73,"0",0) -> 0 | J18: =_xlfn.XLOOKUP($A$2,'PRTSEN YARACUY (ACTUALIZADO)'!$AD$1:$AD$73,'PRTSEN YARACUY (ACTUALIZADO)'!AB1:AB73,"0",0) -> 0 | K18: =_xlfn.XLOOKUP($A$2,'PRTSEN YARACUY (ACTUALIZADO)'!$AD$1:$AD$73,'PRTSEN YARACUY (ACTUALIZADO)'!AC1:AC73,"0",0) -> 0
A19: OBSERVACIONES
A20: =IF(_xlfn.XLOOKUP(A2,'PRTSEN YARACUY (ACTUALIZADO)'!AD1:AD73,'PRTSEN YARACUY (ACTUALIZADO)'!AF1:AF73,"",0)=0,"",_xlfn.XLOOKUP(A2,'PRTSEN YARACUY (ACTUALIZADO)'!AD1:AD73,'PRTSEN YARACUY (ACTUALIZADO)'!AF1:AF73,"",0))

Sheet PRT-YARACUY-2
A1: PRT-ESTADO-NNN
A2: PRT-YARACUY-2
A3: ESTADO | B3: MUNICIPIO | C3: DIRECCION | E3: SITUACION ACTUAL DEL PROYECTO | F3: FASE DEL PROYECTO | G3: TIPO DE INSTALACIÓN | H3: NOMBRE DE LA INSTALACIÓN | I3: NIVEL DE TENSIÓN | J3: UNIDAD DE MEDIDA ( MVA, MW, km) | K3: CAPACIDAD KM o MVAR
A4: =_xlfn.XLOOKUP(A2,'PRTSEN YARACUY (ACTUALIZADO)'!AD1:AD73,'PRTSEN YARACUY (ACTUALIZADO)'!P1:P73,"NO EXISTE",0) -> YARACUY | B4: =_xlfn.XLOOKUP(A2,'PRTSEN YARACUY (ACTUALIZADO)'!AD1:AD73,'PRTSEN YARACUY (ACTUALIZADO)'!Q1:Q73,"NO EXISTE",0) -> VEROES | C4: =_xlfn.XLOOKUP(A2,'PRTSEN YARACUY (ACTUALIZADO)'!AD1:AD73,'PRTSEN YARACUY (ACTUALIZADO)'!R1:R73,"NO EXISTE",0) -> SAN FELIPE | E4: =_xlfn.XLOOKUP(A2,'PRTSEN YARACUY (ACTUALIZADO)'!AD1:AD73,'PRTSEN YARACUY (ACTUALIZADO)'!E1:E73,"NO EXISTE",0) -> PENDIENTE | F4: =_xlfn.XLOOKUP(A2,'PRTSEN YARACUY (ACTUALIZADO)'!AD1:AD73,'PRTSEN YARACUY (ACTUALIZADO)'!I1:I73,"NO EXISTE",0) -> EN PLANIFICACION | G4: =_xlfn.XLOOKUP(A2,'PRTSEN YARACUY (ACTUALIZADO)'!AD1:AD73,'PRTSEN YARACUY (ACTUALIZADO)'!K1:K73,"NO EXISTE",0) -> CIRCUITO | H4: =_xlfn.XLOOKUP(A2,'PRTSEN YARACUY (ACTUALIZADO)'!AD1:AD73,'PRTSEN YARACUY (ACTUALIZADO)'!L1:L73,"NO EXISTE",0) -> CARBONERO | I4: =_xlfn.XLOOKUP(A2,'PRTSEN YARACUY (ACTUALIZADO)'!AD1:AD73,'PRTSEN YARACUY (ACTUALIZADO)'!M1:M73,"NO EXISTE",0) -> 12.47 | J4: =_xlfn.XLOOKUP(A2,'PRTSEN YARACUY (ACTUALIZADO)'!AD1:AD73,'PRTSEN YARACUY (ACTUALIZADO)'!N1:N73,"NO EXISTE",0) -> MVA | K4: =_xlfn.XLOOKUP(A2,'PRTSEN YARACUY (ACTUALIZADO)'!AD1:AD73,'PRTSEN YARACUY (ACTUALIZADO)'!O1:O73,"NO EXISTE",0) -> 10
A5: NOMBRE DEL PROYECTO | E5: FOTOGRAFIA
A6: =_xlfn.XLOOKUP(A2,'PRTSEN YARACUY (ACTUALIZADO)'!AD1:AD73,'PRTSEN YARACUY (ACTUALIZADO)'!B1:B73,"NO EXISTE",0) -> REHABILITACIÓN INTERRUPTOR DE LOS CTOS. EL GUAYABO Y MORCAPEL DE S/E CARBONERO
A7: DESCRIPCION DEL PROYECTO
A8: =_xlfn.XLOOKUP(A2,'PRTSEN YARACUY (ACTUALIZADO)'!AD1:AD73,'PRTSEN YARACUY (ACTUALIZADO)'!C1:C73,"NO EXISTE",0) -> INSTALACIÓN DE SISTEMAS DE INTERRUPTORES Y CONTROLES CELDAS EN MT 12,47
A9: ALCANCE DEL PROYECTO
A10: =_xlfn.XLOOKUP(A2,'PRTSEN YARACUY (ACTUALIZADO)'!AD1:AD73,'PRTSEN YARACUY (ACTUALIZADO)'!D1:D73,"NO EXISTE",0) -> Instalación de interruptores y controles en celdas MT 12,47 kV, con integración a sistemas de monitoreo, optimizando la protección, maniobrabilidad y respuesta ante fallas en la red eléctrica.
A11: IMPACTO PARA EL SEN
A12: =_xlfn.XLOOKUP(A2,'PRTSEN YARACUY (ACTUALIZADO)'!AD1:AD73,'PRTSEN YARACUY (ACTUALIZADO)'!F1:F73,"NO EXISTE",0) -> La instalación de sistemas de interruptores y controles en celdas de MT 12,47 kV mejora la fiabilidad y seguridad del suministro eléctrico en el municipio Veroes, Yaracuy. Este tipo de infraestructura permite una mejor coordinación de protecciones, reduciendo fallas y tiempos de interrupción. Además, optimiza la distribución de energía, asegurando una operación más eficiente y estable para las comunidades beneficiadas.
A13: NÙMERO DE FAMILIAS BENEFICIADAS
A15: PERIODO DE EJECUCIÓN | B15: LAPSO DE EJECUCION (EN MESES) | C15: INICIO | D15: FIN
B16: =(YEAR(D16)-YEAR(C16))*12 + MONTH(D16)-MONTH(C16) -> 6 | C16: =_xlfn.XLOOKUP(A2,'PRTSEN YARACUY (ACTUALIZADO)'!AD1:AD73,'PRTSEN YARACUY (ACTUALIZADO)'!U1:U73,"SIN FECHA",0) -> 3/3/2026 | D16: =_xlfn.XLOOKUP(A2,'PRTSEN YARACUY (ACTUALIZADO)'!AD1:AD73,'PRTSEN YARACUY (ACTUALIZADO)'!V1:V73,"SIN FECHA",0) -> 3/9/2026
A17: MONTO DE INVERSION ($) | B17: =_xlfn.XLOOKUP(A2,'PRTSEN YARACUY (ACTUALIZADO)'!AD1:AD73,'PRTSEN YARACUY (ACTUALIZADO)'!G1:G73,"SIN CALCULOS",0) -> 351760 | C17: FUENTE DE FINANCIAMIENTO | E17: 2025 | F17: 2026 | G17: 2027 | H17: 2028 | I17: 2029 | J17: 2030 | K17: 2031
E18: =_xlfn.XLOOKUP($A$2,'PRTSEN YARACUY (ACTUALIZADO)'!$AD$1:$AD$73,'PRTSEN YARACUY (ACTUALIZADO)'!W1:W73,"0",0) -> 0 | F18: =_xlfn.XLOOKUP($A$2,'PRTSEN YARACUY (ACTUALIZADO)'!$AD$1:$AD$73,'PRTSEN YARACUY (ACTUALIZADO)'!X1:X73,"0",0) -> 351760 | G18: =_xlfn.XLOOKUP($A$2,'PRTSEN YARACUY (ACTUALIZADO)'!$AD$1:$AD$73,'PRTSEN YARACUY (ACTUALIZADO)'!Y1:Y73,"0",0) -> 0 | H18: =_xlfn.XLOOKUP($A$2,'PRTSEN YARACUY (ACTUALIZADO)'!$AD$1:$AD$73,'PRTSEN YARACUY (ACTUALIZADO)'!Z1:Z73,"0",0) -> 0 | I18: =_xlfn.XLOOKUP($A$2,'PRTSEN YARACUY (ACTUALIZADO)'!$AD$1:$AD$73,'PRTSEN YARACUY (ACTUALIZADO)'!AA1:AA73,"0",0) -> 0 | J18: =_xlfn.XLOOKUP($A$2,'PRTSEN YARACUY (ACTUALIZADO)'!$AD$1:$AD$73,'PRTSEN YARACUY (ACTUALIZADO)'!AB1:AB73,"0",0) -> 0 | K18: =_xlfn.XLOOKUP($A$2,'PRTSEN YARACUY (ACTUALIZADO)'!$AD$1:$AD$73,'PRTSEN YARACUY (ACTUALIZADO)'!AC1:AC73,"0",0) -> 0
A19: OBSERVACIONES
A20: =IF(_xlfn.XLOOKUP(A2,'PRTSEN YARACUY (ACTUALIZADO)'!AD1:AD73,'PRTSEN YARACUY (ACTUALIZADO)'!AF1:AF73,"",0)=0,"",_xlfn.XLOOKUP(A2,'PRTSEN YARACUY (ACTUALIZADO)'!AD1:AD73,'PRTSEN YARACUY (ACTUALIZADO)'!AF1:AF73,"",0))

Sheet PRT-YARACUY-3
A1: PRT-ESTADO-NNN
A2: PRT-YARACUY-3
A3: ESTADO | B3: MUNICIPIO | C3: DIRECCION | E3: SITUACION ACTUAL DEL PROYECTO | F3: FASE DEL PROYECTO | G3: TIPO DE INSTALACIÓN | H3: NOMBRE DE LA INSTALACIÓN | I3: NIVEL DE TENSIÓN | J3: UNIDAD DE MEDIDA ( MVA, MW, km) | K3: CAPACIDAD KM o MVAR
A4: =_xlfn.XLOOKUP(A2,'PRTSEN YARACUY (ACTUALIZADO)'!AD1:AD73,'PRTSEN YARACUY (ACTUALIZADO)'!P1:P73,"NO EXISTE",0) -> YARACUY | B4: =_xlfn.XLOOKUP(A2,'PRTSEN YARACUY (ACTUALIZADO)'!AD1:AD73,'PRTSEN YARACUY (ACTUALIZADO)'!Q1:Q73,"NO EXISTE",0) -> JOSE ANTONIO PAÉZ | C4: =_xlfn.XLOOKUP(A2,'PRTSEN YARACUY (ACTUALIZADO)'!AD1:AD73,'PRTSEN YARACUY (ACTUALIZADO)'!R1:R73,"NO EXISTE",0) -> S/E SABANA DE PARRA | E4: =_xlfn.XLOOKUP(A2,'PRTSEN YARACUY (ACTUALIZADO)'!AD1:AD73,'PRTSEN YARACUY (ACTUALIZADO)'!E1:E73,"NO EXISTE",0) -> PENDIENTE | F4: =_xlfn.XLOOKUP(A2,'PRTSEN YARACUY (ACTUALIZADO)'!AD1:AD73,'PRTSEN YARACUY (ACTUALIZADO)'!I1:I73,"NO EXISTE",0) -> EN PLANIFICACION | G4: =_xlfn.XLOOKUP(A2,'PRTSEN YARACUY (ACTUALIZADO)'!AD1:AD73,'PRTSEN YARACUY (ACTUALIZADO)'!K1:K73,"NO EXISTE",0) -> CIRCUITO | H4: =_xlfn.XLOOKUP(A2,'PRTSEN YARACUY (ACTUALIZADO)'!AD1:AD73,'PRTSEN YARACUY (ACTUALIZADO)'!L1:L73,"NO EXISTE",0) -> ZONA IND SABANA DE PARRA | I4: =_xlfn.XLOOKUP(A2,'PRTSEN YARACUY (ACTUALIZADO)'!AD1:AD73,'PRTSEN YARACUY (ACTUALIZADO)'!M1:M73,"NO EXISTE",0) -> 13,8 KV | J4: =_xlfn.XLOOKUP(A2,'PRTSEN YARACUY (ACTUALIZADO)'!AD1:AD73,'PRTSEN YARACUY (ACTUALIZADO)'!N1:N73,"NO EXISTE",0) -> MVA | K4: =_xlfn.XLOOKUP(A2,'PRTSEN YARACUY (ACTUALIZADO)'!AD1:AD73,'PRTSEN YARACUY (ACTUALIZADO)'!O1:O73,"NO EXISTE",0) -> 4
A5: NOMBRE DEL PROYECTO | E5: FOTOGRAFIA
A6: =_xlfn.XLOOKUP(A2,'PRTSEN YARACUY (ACTUALIZADO)'!AD1:AD73,'PRTSEN YARACUY (ACTUALIZADO)'!B1:B73,"NO EXISTE",0) -> INSTALACIÓN DE 1 RECONECTADORES EN LA RED DE M.T CTO. ZONA INDUSTRIAL SABANA DE PARRA, S/E SABANA DE PARRA 13.8 KV
A7: DESCRIPCION DEL PROYECTO
A8: =_xlfn.XLOOKUP(A2,'PRTSEN YARACUY (ACTUALIZADO)'!AD1:AD73,'PRTSEN YARACUY (ACTUALIZADO)'!C1:C73,"NO EXISTE",0) -> INSTALACIÓN DE 1 RECONECTADOR CTO. ZONA IND SABANA DE PARRA
A9: ALCANCE DEL PROYECTO
A10: =_xlfn.XLOOKUP(A2,'PRTSEN YARACUY (ACTUALIZADO)'!AD1:AD73,'PRTSEN YARACUY (ACTUALIZADO)'!D1:D73,"NO EXISTE",0) -> SUSTITUCIÓN DEL RECONECTADOR CTO. ZONA IND SABANA DE PARRA. INTERRUPTOR RECONECTADOR DAÑADO. LA CARGA ES TRANSFERIDA AL CTO. SABANA DE PARRA..
A11: IMPACTO PARA EL SEN
A12: =_xlfn.XLOOKUP(A2,'PRTSEN YARACUY (ACTUALIZADO)'!AD1:AD73,'PRTSEN YARACUY (ACTUALIZADO)'!F1:F73,"NO EXISTE",0) -> LA INSTALACIÓN DE RECONECTADORES AUTOMÁTICOS EN REDES AÉREAS *PERMITE LA AUTOMATIZACIÓN Y MONITOREO DEL SISTEMA ELÉCTRICO, MEJORANDO LA DETECCIÓN Y RECUPERACIÓN ANTE FALLAS*. ESTO OPTIMIZA LA CONTINUIDAD DEL SERVICIO, REDUCE TIEMPOS DE INTERRUPCIÓN Y MINIMIZA EL IMPACTO DE EVENTOS TRANSITORIOS, GARANTIZANDO MAYOR ESTABILIDAD Y EFICIENCIA OPERATIVA EN LA RED
A13: NÙMERO DE FAMILIAS BENEFICIADAS
A15: PERIODO DE EJECUCIÓN | B15: LAPSO DE EJECUCION (EN MESES) | C15: INICIO | D15: FIN
B16: =(YEAR(D16)-YEAR(C16))*12 + MONTH(D16)-MONTH(C16) -> 1 | C16: =_xlfn.XLOOKUP(A2,'PRTSEN YARACUY (ACTUALIZADO)'!AD1:AD73,'PRTSEN YARACUY (ACTUALIZADO)'!U1:U73,"SIN FECHA",0) -> 3/3/2026 | D16: =_xlfn.XLOOKUP(A2,'PRTSEN YARACUY (ACTUALIZADO)'!AD1:AD73,'PRTSEN YARACUY (ACTUALIZADO)'!V1:V73,"SIN FECHA",0) -> 3/4/2026
A17: MONTO DE INVERSION ($) | B17: =_xlfn.XLOOKUP(A2,'PRTSEN YARACUY (ACTUALIZADO)'!AD1:AD73,'PRTSEN YARACUY (ACTUALIZADO)'!G1:G73,"SIN CALCULOS",0) -> 75000 | C17: FUENTE DE FINANCIAMIENTO | E17: 2025 | F17: 2026 | G17: 2027 | H17: 2028 | I17: 2029 | J17: 2030 | K17: 2031
E18: =_xlfn.XLOOKUP($A$2,'PRTSEN YARACUY (ACTUALIZADO)'!$AD$1:$AD$73,'PRTSEN YARACUY (ACTUALIZADO)'!W1:W73,"0",0) -> 0 | F18: =_xlfn.XLOOKUP($A$2,'PRTSEN YARACUY (ACTUALIZADO)'!$AD$1:$AD$73,'PRTSEN YARACUY (ACTUALIZADO)'!X1:X73,"0",0) -> 75000 | G18: =_xlfn.XLOOKUP($A$2,'PRTSEN YARACUY (ACTUALIZADO)'!$AD$1:$AD$73,'PRTSEN YARACUY (ACTUALIZADO)'!Y1:Y73,"0",0) -> 0 | H18: =_xlfn.XLOOKUP($A$2,'PRTSEN YARACUY (ACTUALIZADO)'!$AD$1:$AD$73,'PRTSEN YARACUY (ACTUALIZADO)'!Z1:Z73,"0",0) -> 0 | I18: =_xlfn.XLOOKUP($A$2,'PRTSEN YARACUY (ACTUALIZADO)'!$AD$1:$AD$73,'PRTSEN YARACUY (ACTUALIZADO)'!AA1:AA73,"0",0) -> 0 | J18: =_xlfn.XLOOKUP($A$2,'PRTSEN YARACUY (ACTUALIZADO)'!$AD$1:$AD$73,'PRTSEN YARACUY (ACTUALIZADO)'!AB1:AB73,"0",0) -> 0 | K18: =_xlfn.XLOOKUP($A$2,'PRTSEN YARACUY (ACTUALIZADO)'!$AD$1:$AD$73,'PRTSEN YARACUY (ACTUALIZADO)'!AC1:AC73,"0",0) -> 0
A19: OBSERVACIONES
A20: =IF(_xlfn.XLOOKUP(A2,'PRTSEN YARACUY (ACTUALIZADO)'!AD1:AD73,'PRTSEN YARACUY (ACTUALIZADO)'!AF1:AF73,"",0)=0,"",_xlfn.XLOOKUP(A2,'PRTSEN YARACUY (ACTUALIZADO)'!AD1:AD73,'PRTSEN YARACUY (ACTUALIZADO)'!AF1:AF73,"",0))

Sheet PRT-YARACUY-4
A1: PRT-ESTADO-NNN
A2: PRT-YARACUY-4
A3: ESTADO | B3: MUNICIPIO | C3: DIRECCION | E3: SITUACION ACTUAL DEL PROYECTO | F3: FASE DEL PROYECTO | G3: TIPO DE INSTALACIÓN | H3: NOMBRE DE LA INSTALACIÓN | I3: NIVEL DE TENSIÓN | J3: UNIDAD DE MEDIDA ( MVA, MW, km) | K3: CAPACIDAD KM o MVAR
A4: =_xlfn.XLOOKUP(A2,'PRTSEN YARACUY (ACTUALIZADO)'!AD1:AD73,'PRTSEN YARACUY (ACTUALIZADO)'!P1:P73,"NO EXISTE",0) -> YARACUY | B4: =_xlfn.XLOOKUP(A2,'PRTSEN YARACUY (ACTUALIZADO)'!AD1:AD73,'PRTSEN YARACUY (ACTUALIZADO)'!Q1:Q73,"NO EXISTE",0) -> ARISTIDES BASTIDAS | C4: =_xlfn.XLOOKUP(A2,'PRTSEN YARACUY (ACTUALIZADO)'!AD1:AD73,'PRTSEN YARACUY (ACTUALIZADO)'!R1:R73,"NO EXISTE",0) -> SAN FELIPE | E4: =_xlfn.XLOOKUP(A2,'PRTSEN YARACUY (ACTUALIZADO)'!AD1:AD73,'PRTSEN YARACUY (ACTUALIZADO)'!E1:E73,"NO EXISTE",0) -> PENDIENTE | F4: =_xlfn.XLOOKUP(A2,'PRTSEN YARACUY (ACTUALIZADO)'!AD1:AD73,'PRTSEN YARACUY (ACTUALIZADO)'!I1:I73,"NO EXISTE",0) -> INGENIERIA CONCEPTUAL | G4: =_xlfn.XLOOKUP(A2,'PRTSEN YARACUY (ACTUALIZADO)'!AD1:AD73,'PRTSEN YARACUY (ACTUALIZADO)'!K1:K73,"NO EXISTE",0) -> CIRCUITO | H4: =_xlfn.XLOOKUP(A2,'PRTSEN YARACUY (ACTUALIZADO)'!AD1:AD73,'PRTSEN YARACUY (ACTUALIZADO)'!L1:L73,"NO EXISTE",0) -> INDEPENDENCIA | I4: =_xlfn.XLOOKUP(A2,'PRTSEN YARACUY (ACTUALIZADO)'!AD1:AD73,'PRTSEN YARACUY (ACTUALIZADO)'!M1:M73,"NO EXISTE",0) -> 12,47 KV | J4: =_xlfn.XLOOKUP(A2,'PRTSEN YARACUY (ACTUALIZADO)'!AD1:AD73,'PRTSEN YARACUY (ACTUALIZADO)'!N1:N73,"NO EXISTE",0) -> KM | K4: =_xlfn.XLOOKUP(A2,'PRTSEN YARACUY (ACTUALIZADO)'!AD1:AD73,'PRTSEN YARACUY (ACTUALIZADO)'!O1:O73,"NO EXISTE",0) -> 4
A5: NOMBRE DEL PROYECTO | E5: FOTOGRAFIA
A6: =_xlfn.XLOOKUP(A2,'PRTSEN YARACUY (ACTUALIZADO)'!AD1:AD73,'PRTSEN YARACUY (ACTUALIZADO)'!B1:B73,"NO EXISTE",0) -> ADECUACIÓN CAMBIO DE CALIBRE CTO. SAN PABLO
A7: DESCRIPCION DEL PROYECTO
A8: =_xlfn.XLOOKUP(A2,'PRTSEN YARACUY (ACTUALIZADO)'!AD1:AD73,'PRTSEN YARACUY (ACTUALIZADO)'!C1:C73,"NO EXISTE",0) -> CAMBIO DE CALIBRE CIRCUITO SAN PABLO EN 12,47 KV. S/E INDEPENDENCIA
A9: ALCANCE DEL PROYECTO
A10: =_xlfn.XLOOKUP(A2,'PRTSEN YARACUY (ACTUALIZADO)'!AD1:AD73,'PRTSEN YARACUY (ACTUALIZADO)'!D1:D73,"NO EXISTE",0) -> CAMBIO DE CALIBRE CIRCUITO SAN PABLO (SAN FELIPE D01) EN 12,47 KV DE APROXIMADO 4 KM POR OBSOLESCENCIA. S/E SAN FELIPE 2
A11: IMPACTO PARA EL SEN
A12: =_xlfn.XLOOKUP(A2,'PRTSEN YARACUY (ACTUALIZADO)'!AD1:AD73,'PRTSEN YARACUY (ACTUALIZADO)'!F1:F73,"NO EXISTE",0) -> EL PROYECTO DE ADECUACIÓN DE LÍNEAS DE MEDIA TENSIÓN OPTIMIZA LA INFRAESTRUCTURA ELÉCTRICA MEDIANTE LA MODERNIZACIÓN DE CONDUCTORES, ESTRUCTURAS Y AISLADORES, MEJORANDO LA CAPACIDAD DE CARGA Y REDUCIENDO PÉRDIDAS POR EFECTO JOULE. SU IMPACTO SE TRADUCE EN *MAYOR EFICIENCIA ENERGÉTICA, REDUCCIÓN DE FALLAS Y AUMENTO DE LA CONFIABILIDAD DEL SISTEMA*, BENEFICIANDO TANTO A USUARIOS INDUSTRIALES COMO RESIDENCIALES, AL GARANTIZAR UNA DISTRIBUCIÓN ESTABLE Y SEGURA DE LA ENERGÍA. ADEMÁS, DISMINUYE COSTOS DE MANTENIMIENTO Y CONTRIBUYE A LA SOSTENIBILIDAD DEL SERVICIO ELÉCTRICO.
A13: NÙMERO DE FAMILIAS BENEFICIADAS
A15: PERIODO DE EJECUCIÓN | B15: LAPSO DE EJECUCION (EN MESES) | C15: INICIO | D15: FIN
B16: =(YEAR(D16)-YEAR(C16))*12 + MONTH(D16)-MONTH(C16) -> 0 | C16: =_xlfn.XLOOKUP(A2,'PRTSEN YARACUY (ACTUALIZADO)'!AD1:AD73,'PRTSEN YARACUY (ACTUALIZADO)'!U1:U73,"SIN FECHA",0) -> 0 | D16: =_xlfn.XLOOKUP(A2,'PRTSEN YARACUY (ACTUALIZADO)'!AD1:AD73,'PRTSEN YARACUY (ACTUALIZADO)'!V1:V73,"SIN FECHA",0) -> 0
A17: MONTO DE INVERSION ($) | B17: =_xlfn.XLOOKUP(A2,'PRTSEN YARACUY (ACTUALIZADO)'!AD1:AD73,'PRTSEN YARACUY (ACTUALIZADO)'!G1:G73,"SIN CALCULOS",0) -> 152930 | C17: FUENTE DE FINANCIAMIENTO | E17: 2025 | F17: 2026 | G17: 2027 | H17: 2028 | I17: 2029 | J17: 2030 | K17: 2031
E18: =_xlfn.XLOOKUP($A$2,'PRTSEN YARACUY (ACTUALIZADO)'!$AD$1:$AD$73,'PRTSEN YARACUY (ACTUALIZADO)'!W1:W73,"0",0) -> 0 | F18: =_xlfn.XLOOKUP($A$2,'PRTSEN YARACUY (ACTUALIZADO)'!$AD$1:$AD$73,'PRTSEN YARACUY (ACTUALIZADO)'!X1:X73,"0",0) -> 152930 | G18: =_xlfn.XLOOKUP($A$2,'PRTSEN YARACUY (ACTUALIZADO)'!$AD$1:$AD$73,'PRTSEN YARACUY (ACTUALIZADO)'!Y1:Y73,"0",0) -> 0 | H18: =_xlfn.XLOOKUP($A$2,'PRTSEN YARACUY (ACTUALIZADO)'!$AD$1:$AD$73,'PRTSEN YARACUY (ACTUALIZADO)'!Z1:Z73,"0",0) -> 0 | I18: =_xlfn.XLOOKUP($A$2,'PRTSEN YARACUY (ACTUALIZADO)'!$AD$1:$AD$73,'PRTSEN YARACUY (ACTUALIZADO)'!AA1:AA73,"0",0) -> 0 | J18: =_xlfn.XLOOKUP($A$2,'PRTSEN YARACUY (ACTUALIZADO)'!$AD$1:$AD$73,'PRTSEN YARACUY (ACTUALIZADO)'!AB1:AB73,"0",0) -> 0 | K18: =_xlfn.XLOOKUP($A$2,'PRTSEN YARACUY (ACTUALIZADO)'!$AD$1:$AD$73,'PRTSEN YARACUY (ACTUALIZADO)'!AC1:AC73,"0",0) -> 0
A19: OBSERVACIONES
A20: =IF(_xlfn.XLOOKUP(A2,'PRTSEN YARACUY (ACTUALIZADO)'!AD1:AD73,'PRTSEN YARACUY (ACTUALIZADO)'!AF1:AF73,"",0)=0,"",_xlfn.XLOOKUP(A2,'PRTSEN YARACUY (ACTUALIZADO)'!AD1:AD73,'PRTSEN YARACUY (ACTUALIZADO)'!AF1:AF73,"",0))

Sheet PRT-YARACUY-5
A1: PRT-ESTADO-NNN
A2: PRT-YARACUY-5
A3: ESTADO | B3: MUNICIPIO | C3: DIRECCION | E3: SITUACION ACTUAL DEL PROYECTO | F3: FASE DEL PROYECTO | G3: TIPO DE INSTALACIÓN | H3: NOMBRE DE LA INSTALACIÓN | I3: NIVEL DE TENSIÓN | J3: UNIDAD DE MEDIDA ( MVA, MW, km) | K3: CAPACIDAD KM o MVAR
A4: =_xlfn.XLOOKUP(A2,'PRTSEN YARACUY (ACTUALIZADO)'!AD1:AD73,'PRTSEN YARACUY (ACTUALIZADO)'!P1:P73,"NO EXISTE",0) -> YARACUY | B4: =_xlfn.XLOOKUP(A2,'PRTSEN YARACUY (ACTUALIZADO)'!AD1:AD73,'PRTSEN YARACUY (ACTUALIZADO)'!Q1:Q73,"NO EXISTE",0) -> BOLÍVAR | C4: =_xlfn.XLOOKUP(A2,'PRTSEN YARACUY (ACTUALIZADO)'!AD1:AD73,'PRTSEN YARACUY (ACTUALIZADO)'!R1:R73,"NO EXISTE",0) -> AROA | E4: =_xlfn.XLOOKUP(A2,'PRTSEN YARACUY (ACTUALIZADO)'!AD1:AD73,'PRTSEN YARACUY (ACTUALIZADO)'!E1:E73,"NO EXISTE",0) -> PENDIENTE | F4: =_xlfn.XLOOKUP(A2,'PRTSEN YARACUY (ACTUALIZADO)'!AD1:AD73,'PRTSEN YARACUY (ACTUALIZADO)'!I1:I73,"NO EXISTE",0) -> INGENIERIA CONCEPTUAL | G4: =_xlfn.XLOOKUP(A2,'PRTSEN YARACUY (ACTUALIZADO)'!AD1:AD73,'PRTSEN YARACUY (ACTUALIZADO)'!K1:K73,"NO EXISTE",0) -> CIRCUITO | H4: =_xlfn.XLOOKUP(A2,'PRTSEN YARACUY (ACTUALIZADO)'!AD1:AD73,'PRTSEN YARACUY (ACTUALIZADO)'!L1:L73,"NO EXISTE",0) -> AROA | I4: =_xlfn.XLOOKUP(A2,'PRTSEN YARACUY (ACTUALIZADO)'!AD1:AD73,'PRTSEN YARACUY (ACTUALIZADO)'!M1:M73,"NO EXISTE",0) -> 13,8 KV | J4: =_xlfn.XLOOKUP(A2,'PRTSEN YARACUY (ACTUALIZADO)'!AD1:AD73,'PRTSEN YARACUY (ACTUALIZADO)'!N1:N73,"NO EXISTE",0) -> KM | K4: =_xlfn.XLOOKUP(A2,'PRTSEN YARACUY (ACTUALIZADO)'!AD1:AD73,'PRTSEN YARACUY (ACTUALIZADO)'!O1:O73,"NO EXISTE",0) -> 4.85
A5: NOMBRE DEL PROYECTO | E5: FOTOGRAFIA
A6: =_xlfn.XLOOKUP(A2,'PRTSEN YARACUY (ACTUALIZADO)'!AD1:AD73,'PRTSEN YARACUY (ACTUALIZADO)'!B1:B73,"NO EXISTE",0) -> ADECUACIÓN CAMBIO DE CALIBRE CTO. CARABOBO
A7: DESCRIPCION DEL PROYECTO
A8: =_xlfn.XLOOKUP(A2,'PRTSEN YARACUY (ACTUALIZADO)'!AD1:AD73,'PRTSEN YARACUY (ACTUALIZADO)'!C1:C73,"NO EXISTE",0) -> CAMBIO DE CALIBRE CIRCUITO CARABOBO EN 13,8 KV. S/E AROA
A9: ALCANCE DEL PROYECTO
A10: =_xlfn.XLOOKUP(A2,'PRTSEN YARACUY (ACTUALIZADO)'!AD1:AD73,'PRTSEN YARACUY (ACTUALIZADO)'!D1:D73,"NO EXISTE",0) -> CAMBIO DE CALIBRE AL CIRCUITO CARABOBO EN NIVEL DE TENSIÓN 13,8 KV DE 4.85 KM. CONDUCTOR 2/0 AL DESDE LOS UREROS - LA VACA – BARLOVENTO. CAMBIO DE 10.5 KM A CALIBRE 2/0 AL DESDE SUBIDA A ARAKAL HASTA EL TIGRE. S/E AROA
A11: IMPACTO PARA EL SEN
A12: =_xlfn.XLOOKUP(A2,'PRTSEN YARACUY (ACTUALIZADO)'!AD1:AD73,'PRTSEN YARACUY (ACTUALIZADO)'!F1:F73,"NO EXISTE",0) -> EL PROYECTO DE ADECUACIÓN DE LÍNEAS DE MEDIA TENSIÓN OPTIMIZA LA INFRAESTRUCTURA ELÉCTRICA MEDIANTE LA MODERNIZACIÓN DE CONDUCTORES, ESTRUCTURAS Y AISLADORES, MEJORANDO LA CAPACIDAD DE CARGA Y REDUCIENDO PÉRDIDAS POR EFECTO JOULE. SU IMPACTO SE TRADUCE EN *MAYOR EFICIENCIA ENERGÉTICA, REDUCCIÓN DE FALLAS Y AUMENTO DE LA CONFIABILIDAD DEL SISTEMA*, BENEFICIANDO TANTO A USUARIOS INDUSTRIALES COMO RESIDENCIALES, AL GARANTIZAR UNA DISTRIBUCIÓN ESTABLE Y SEGURA DE LA ENERGÍA. ADEMÁS, DISMINUYE COSTOS DE MANTENIMIENTO Y CONTRIBUYE A LA SOSTENIBILIDAD DEL SERVICIO ELÉCTRICO.
A13: NÙMERO DE FAMILIAS BENEFICIADAS
A15: PERIODO DE EJECUCIÓN | B15: LAPSO DE EJECUCION (EN MESES) | C15: INICIO | D15: FIN
B16: =(YEAR(D16)-YEAR(C16))*12 + MONTH(D16)-MONTH(C16) -> 0 | C16: =_xlfn.XLOOKUP(A2,'PRTSEN YARACUY (ACTUALIZADO)'!AD1:AD73,'PRTSEN YARACUY (ACTUALIZADO)'!U1:U73,"SIN FECHA",0) -> 0 | D16: =_xlfn.XLOOKUP(A2,'PRTSEN YARACUY (ACTUALIZADO)'!AD1:AD73,'PRTSEN YARACUY (ACTUALIZADO)'!V1:V73,"SIN FECHA",0) -> 0
A17: MONTO DE INVERSION ($) | B17: =_xlfn.XLOOKUP(A2,'PRTSEN YARACUY (ACTUALIZADO)'!AD1:AD73,'PRTSEN YARACUY (ACTUALIZADO)'!G1:G73,"SIN CALCULOS",0) -> 185427.62 | C17: FUENTE DE FINANCIAMIENTO | E17: 2025 | F17: 2026 | G17: 2027 | H17: 2028 | I17: 2029 | J17: 2030 | K17: 2031
E18: =_xlfn.XLOOKUP($A$2,'PRTSEN YARACUY (ACTUALIZADO)'!$AD$1:$AD$73,'PRTSEN YARACUY (ACTUALIZADO)'!W1:W73,"0",0) -> 0 | F18: =_xlfn.XLOOKUP($A$2,'PRTSEN YARACUY (ACTUALIZADO)'!$AD$1:$AD$73,'PRTSEN YARACUY (ACTUALIZADO)'!X1:X73,"0",0) -> 185427.62 | G18: =_xlfn.XLOOKUP($A$2,'PRTSEN YARACUY (ACTUALIZADO)'!$AD$1:$AD$73,'PRTSEN YARACUY (ACTUALIZADO)'!Y1:Y73,"0",0) -> 0 | H18: =_xlfn.XLOOKUP($A$2,'PRTSEN YARACUY (ACTUALIZADO)'!$AD$1:$AD$73,'PRTSEN YARACUY (ACTUALIZADO)'!Z1:Z73,"0",0) -> 0 | I18: =_xlfn.XLOOKUP($A$2,'PRTSEN YARACUY (ACTUALIZADO)'!$AD$1:$AD$73,'PRTSEN YARACUY (ACTUALIZADO)'!AA1:AA73,"0",0) -> 0 | J18: =_xlfn.XLOOKUP($A$2,'PRTSEN YARACUY (ACTUALIZADO)'!$AD$1:$AD$73,'PRTSEN YARACUY (ACTUALIZADO)'!AB1:AB73,"0",0) -> 0 | K18: =_xlfn.XLOOKUP($A$2,'PRTSEN YARACUY (ACTUALIZADO)'!$AD$1:$AD$73,'PRTSEN YARACUY (ACTUALIZADO)'!AC1:AC73,"0",0) -> 0
A19: OBSERVACIONES
A20: =IF(_xlfn.XLOOKUP(A2,'PRTSEN YARACUY (ACTUALIZADO)'!AD1:AD73,'PRTSEN YARACUY (ACTUALIZADO)'!AF1:AF73,"",0)=0,"",_xlfn.XLOOKUP(A2,'PRTSEN YARACUY (ACTUALIZADO)'!AD1:AD73,'PRTSEN YARACUY (ACTUALIZADO)'!AF1:AF73,"",0))

Sheet PRT-YARACUY-6
A1: PRT-ESTADO-NNN
A2: PRT-YARACUY-6
A3: ESTADO | B3: MUNICIPIO | C3: DIRECCION | E3: SITUACION ACTUAL DEL PROYECTO | F3: FASE DEL PROYECTO | G3: TIPO DE INSTALACIÓN | H3: NOMBRE DE LA INSTALACIÓN | I3: NIVEL DE TENSIÓN | J3: UNIDAD DE MEDIDA ( MVA, MW, km) | K3: CAPACIDAD KM o MVAR
A4: =_xlfn.XLOOKUP(A2,'PRTSEN YARACUY (ACTUALIZADO)'!AD1:AD73,'PRTSEN YARACUY (ACTUALIZADO)'!P1:P73,"NO EXISTE",0) -> YARACUY | B4: =_xlfn.XLOOKUP(A2,'PRTSEN YARACUY (ACTUALIZADO)'!AD1:AD73,'PRTSEN YARACUY (ACTUALIZADO)'!Q1:Q73,"NO EXISTE",0) -> SAN FELIPE | C4: =_xlfn.XLOOKUP(A2,'PRTSEN YARACUY (ACTUALIZADO)'!AD1:AD73,'PRTSEN YARACUY (ACTUALIZADO)'!R1:R73,"NO EXISTE",0) -> SAN FELIPE | E4: =_xlfn.XLOOKUP(A2,'PRTSEN YARACUY (ACTUALIZADO)'!AD1:AD73,'PRTSEN YARACUY (ACTUALIZADO)'!E1:E73,"NO EXISTE",0) -> PENDIENTE | F4: =_xlfn.XLOOKUP(A2,'PRTSEN YARACUY (ACTUALIZADO)'!AD1:AD73,'PRTSEN YARACUY (ACTUALIZADO)'!I1:I73,"NO EXISTE",0) -> INGENIERIA CONCEPTUAL | G4: =_xlfn.XLOOKUP(A2,'PRTSEN YARACUY (ACTUALIZADO)'!AD1:AD73,'PRTSEN YARACUY (ACTUALIZADO)'!K1:K73,"NO EXISTE",0) -> CIRCUITO | H4: =_xlfn.XLOOKUP(A2,'PRTSEN YARACUY (ACTUALIZADO)'!AD1:AD73,'PRTSEN YARACUY (ACTUALIZADO)'!L1:L73,"NO EXISTE",0) -> INDEPENDENCIA | I4: =_xlfn.XLOOKUP(A2,'PRTSEN YARACUY (ACTUALIZADO)'!AD1:AD73,'PRTSEN YARACUY (ACTUALIZADO)'!M1:M73,"NO EXISTE",0) -> 12,47 KV | J4: =_xlfn.XLOOKUP(A2,'PRTSEN YARACUY (ACTUALIZADO)'!AD1:AD73,'PRTSEN YARACUY (ACTUALIZADO)'!N1:N73,"NO EXISTE",0) -> KM | K4: =_xlfn.XLOOKUP(A2,'PRTSEN YARACUY (ACTUALIZADO)'!AD1:AD73,'PRTSEN YARACUY (ACTUALIZADO)'!O1:O73,"NO EXISTE",0) -> 3.5
A5: NOMBRE DEL PROYECTO | E5: FOTOGRAFIA
A6: =_xlfn.XLOOKUP(A2,'PRTSEN YARACUY (ACTUALIZADO)'!AD1:AD73,'PRTSEN YARACUY (ACTUALIZADO)'!B1:B73,"NO EXISTE",0) -> ADECUACIÓN CAMBIO DE CALIBRE CTO HIGUERÓN
A7: DESCRIPCION DEL PROYECTO
A8: =_xlfn.XLOOKUP(A2,'PRTSEN YARACUY (ACTUALIZADO)'!AD1:AD73,'PRTSEN YARACUY (ACTUALIZADO)'!C1:C73,"NO EXISTE",0) -> CAMBIO DE CALIBRE CIRCUITO HIGUERÓN A 366 MCM. S/E INDEPENDENCIA
A9: ALCANCE DEL PROYECTO
A10: =_xlfn.XLOOKUP(A2,'PRTSEN YARACUY (ACTUALIZADO)'!AD1:AD73,'PRTSEN YARACUY (ACTUALIZADO)'!D1:D73,"NO EXISTE",0) -> CAMBIO DE CALIBRE CIRCUITO SAN FELIPE C02 EN 12,47 KV A CONDUCTOR 366 MCM. S/E SAN FELIPE 2. 3.5 KM.
A11: IMPACTO PARA EL SEN
A12: =_xlfn.XLOOKUP(A2,'PRTSEN YARACUY (ACTUALIZADO)'!AD1:AD73,'PRTSEN YARACUY (ACTUALIZADO)'!F1:F73,"NO EXISTE",0) -> EL PROYECTO DE ADECUACIÓN DE LÍNEAS DE MEDIA TENSIÓN OPTIMIZA LA INFRAESTRUCTURA ELÉCTRICA MEDIANTE LA MODERNIZACIÓN DE CONDUCTORES, ESTRUCTURAS Y AISLADORES, MEJORANDO LA CAPACIDAD DE CARGA Y REDUCIENDO PÉRDIDAS POR EFECTO JOULE. SU IMPACTO SE TRADUCE EN *MAYOR EFICIENCIA ENERGÉTICA, REDUCCIÓN DE FALLAS Y AUMENTO DE LA CONFIABILIDAD DEL SISTEMA*, BENEFICIANDO TANTO A USUARIOS INDUSTRIALES COMO RESIDENCIALES, AL GARANTIZAR UNA DISTRIBUCIÓN ESTABLE Y SEGURA DE LA ENERGÍA. ADEMÁS, DISMINUYE COSTOS DE MANTENIMIENTO Y CONTRIBUYE A LA SOSTENIBILIDAD DEL SERVICIO ELÉCTRICO.
A13: NÙMERO DE FAMILIAS BENEFICIADAS
A15: PERIODO DE EJECUCIÓN | B15: LAPSO DE EJECUCION (EN MESES) | C15: INICIO | D15: FIN
B16: =(YEAR(D16)-YEAR(C16))*12 + MONTH(D16)-MONTH(C16) -> 0 | C16: =_xlfn.XLOOKUP(A2,'PRTSEN YARACUY (ACTUALIZADO)'!AD1:AD73,'PRTSEN YARACUY (ACTUALIZADO)'!U1:U73,"SIN FECHA",0) -> 0 | D16: =_xlfn.XLOOKUP(A2,'PRTSEN YARACUY (ACTUALIZADO)'!AD1:AD73,'PRTSEN YARACUY (ACTUALIZADO)'!V1:V73,"SIN FECHA",0) -> 0
A17: MONTO DE INVERSION ($) | B17: =_xlfn.XLOOKUP(A2,'PRTSEN YARACUY (ACTUALIZADO)'!AD1:AD73,'PRTSEN YARACUY (ACTUALIZADO)'!G1:G73,"SIN CALCULOS",0) -> 133813.75 | C17: FUENTE DE FINANCIAMIENTO | E17: 2025 | F17: 2026 | G17: 2027 | H17: 2028 | I17: 2029 | J17: 2030 | K17: 2031
E18: =_xlfn.XLOOKUP($A$2,'PRTSEN YARACUY (ACTUALIZADO)'!$AD$1:$AD$73,'PRTSEN YARACUY (ACTUALIZADO)'!W1:W73,"0",0) -> 0 | F18: =_xlfn.XLOOKUP($A$2,'PRTSEN YARACUY (ACTUALIZADO)'!$AD$1:$AD$73,'PRTSEN YARACUY (ACTUALIZADO)'!X1:X73,"0",0) -> 133813.75 | G18: =_xlfn.XLOOKUP($A$2,'PRTSEN YARACUY (ACTUALIZADO)'!$AD$1:$AD$73,'PRTSEN YARACUY (ACTUALIZADO)'!Y1:Y73,"0",0) -> 0 | H18: =_xlfn.XLOOKUP($A$2,'PRTSEN YARACUY (ACTUALIZADO)'!$AD$1:$AD$73,'PRTSEN YARACUY (ACTUALIZADO)'!Z1:Z73,"0",0) -> 0 | I18: =_xlfn.XLOOKUP($A$2,'PRTSEN YARACUY (ACTUALIZADO)'!$AD$1:$AD$73,'PRTSEN YARACUY (ACTUALIZADO)'!AA1:AA73,"0",0) -> 0 | J18: =_xlfn.XLOOKUP($A$2,'PRTSEN YARACUY (ACTUALIZADO)'!$AD$1:$AD$73,'PRTSEN YARACUY (ACTUALIZADO)'!AB1:AB73,"0",0) -> 0 | K18: =_xlfn.XLOOKUP($A$2,'PRTSEN YARACUY (ACTUALIZADO)'!$AD$1:$AD$73,'PRTSEN YARACUY (ACTUALIZADO)'!AC1:AC73,"0",0) -> 0
A19: OBSERVACIONES
A20: =IF(_xlfn.XLOOKUP(A2,'PRTSEN YARACUY (ACTUALIZADO)'!AD1:AD73,'PRTSEN YARACUY (ACTUALIZADO)'!AF1:AF73,"",0)=0,"",_xlfn.XLOOKUP(A2,'PRTSEN YARACUY (ACTUALIZADO)'!AD1:AD73,'PRTSEN YARACUY (ACTUALIZADO)'!AF1:AF73,"",0))

Sheet PRT-YARACUY-7
A1: PRT-ESTADO-NNN
A2: PRT-YARACUY-7
A3: ESTADO | B3: MUNICIPIO | C3: DIRECCION | E3: SITUACION ACTUAL DEL PROYECTO | F3: FASE DEL PROYECTO | G3: TIPO DE INSTALACIÓN | H3: NOMBRE DE LA INSTALACIÓN | I3: NIVEL DE TENSIÓN | J3: UNIDAD DE MEDIDA ( MVA, MW, km) | K3: CAPACIDAD KM o MVAR
A4: =_xlfn.XLOOKUP(A2,'PRTSEN YARACUY (ACTUALIZADO)'!AD1:AD73,'PRTSEN YARACUY (ACTUALIZADO)'!P1:P73,"NO EXISTE",0) -> YARACUY | B4: =_xlfn.XLOOKUP(A2,'PRTSEN YARACUY (ACTUALIZADO)'!AD1:AD73,'PRTSEN YARACUY (ACTUALIZADO)'!Q1:Q73,"NO EXISTE",0) -> BOLIVAR, MANUEL MONGE Y VEROES (PUEBLO NUEVO) Y PALMA SOLA (FALCÓN) | C4: =_xlfn.XLOOKUP(A2,'PRTSEN YARACUY (ACTUALIZADO)'!AD1:AD73,'PRTSEN YARACUY (ACTUALIZADO)'!R1:R73,"NO EXISTE",0) -> AROA | E4: =_xlfn.XLOOKUP(A2,'PRTSEN YARACUY (ACTUALIZADO)'!AD1:AD73,'PRTSEN YARACUY (ACTUALIZADO)'!E1:E73,"NO EXISTE",0) -> PENDIENTE | F4: =_xlfn.XLOOKUP(A2,'PRTSEN YARACUY (ACTUALIZADO)'!AD1:AD73,'PRTSEN YARACUY (ACTUALIZADO)'!I1:I73,"NO EXISTE",0) -> INGENIERIA CONCEPTUAL | G4: =_xlfn.XLOOKUP(A2,'PRTSEN YARACUY (ACTUALIZADO)'!AD1:AD73,'PRTSEN YARACUY (ACTUALIZADO)'!K1:K73,"NO EXISTE",0) -> CIRCUITO | H4: =_xlfn.XLOOKUP(A2,'PRTSEN YARACUY (ACTUALIZADO)'!AD1:AD73,'PRTSEN YARACUY (ACTUALIZADO)'!L1:L73,"NO EXISTE",0) -> AROA, PALMA SOLA | I4: =_xlfn.XLOOKUP(A2,'PRTSEN YARACUY (ACTUALIZADO)'!AD1:AD73,'PRTSEN YARACUY (ACTUALIZADO)'!M1:M73,"NO EXISTE",0) -> 120/240/208 | J4: =_xlfn.XLOOKUP(A2,'PRTSEN YARACUY (ACTUALIZADO)'!AD1:AD73,'PRTSEN YARACUY (ACTUALIZADO)'!N1:N73,"NO EXISTE",0) -> KM | K4: =_xlfn.XLOOKUP(A2,'PRTSEN YARACUY (ACTUALIZADO)'!AD1:AD73,'PRTSEN YARACUY (ACTUALIZADO)'!O1:O73,"NO EXISTE",0) -> 1.5
A5: NOMBRE DEL PROYECTO | E5: FOTOGRAFIA
A6: =_xlfn.XLOOKUP(A2,'PRTSEN YARACUY (ACTUALIZADO)'!AD1:AD73,'PRTSEN YARACUY (ACTUALIZADO)'!B1:B73,"NO EXISTE",0) -> ADECUACIÓN BT AROA, YUMARE Y PALMA SOLA
A7: DESCRIPCION DEL PROYECTO
A8: =_xlfn.XLOOKUP(A2,'PRTSEN YARACUY (ACTUALIZADO)'!AD1:AD73,'PRTSEN YARACUY (ACTUALIZADO)'!C1:C73,"NO EXISTE",0) -> MEJORAS EN SECTORES DE BT EN: AROA, YUMARE Y PALMA SOLA
A9: ALCANCE DEL PROYECTO
A10: =_xlfn.XLOOKUP(A2,'PRTSEN YARACUY (ACTUALIZADO)'!AD1:AD73,'PRTSEN YARACUY (ACTUALIZADO)'!D1:D73,"NO EXISTE",0) -> MEJORAS EN LA RED DE BT SECTORES: CASCO CENTRAL AROA, YUMARE CENTRO, PUEBLO NUEVO.
A11: IMPACTO PARA EL SEN
A12: =_xlfn.XLOOKUP(A2,'PRTSEN YARACUY (ACTUALIZADO)'!AD1:AD73,'PRTSEN YARACUY (ACTUALIZADO)'!F1:F73,"NO EXISTE",0) -> EL PROYECTO DE ADECUACIÓN DE LÍNEAS DE MEDIA TENSIÓN OPTIMIZA LA INFRAESTRUCTURA ELÉCTRICA MEDIANTE LA MODERNIZACIÓN DE CONDUCTORES, ESTRUCTURAS Y AISLADORES, MEJORANDO LA CAPACIDAD DE CARGA Y REDUCIENDO PÉRDIDAS POR EFECTO JOULE. SU IMPACTO SE TRADUCE EN *MAYOR EFICIENCIA ENERGÉTICA, REDUCCIÓN DE FALLAS Y AUMENTO DE LA CONFIABILIDAD DEL SISTEMA*, BENEFICIANDO TANTO A USUARIOS INDUSTRIALES COMO RESIDENCIALES, AL GARANTIZAR UNA DISTRIBUCIÓN ESTABLE Y SEGURA DE LA ENERGÍA. ADEMÁS, DISMINUYE COSTOS DE MANTENIMIENTO Y CONTRIBUYE A LA SOSTENIBILIDAD DEL SERVICIO ELÉCTRICO.
A13: NÙMERO DE FAMILIAS BENEFICIADAS
A15: PERIODO DE EJECUCIÓN | B15: LAPSO DE EJECUCION (EN MESES) | C15: INICIO | D15: FIN
B16: =(YEAR(D16)-YEAR(C16))*12 + MONTH(D16)-MONTH(C16) -> 0 | C16: =_xlfn.XLOOKUP(A2,'PRTSEN YARACUY (ACTUALIZADO)'!AD1:AD73,'PRTSEN YARACUY (ACTUALIZADO)'!U1:U73,"SIN FECHA",0) -> 0 | D16: =_xlfn.XLOOKUP(A2,'PRTSEN YARACUY (ACTUALIZADO)'!AD1:AD73,'PRTSEN YARACUY (ACTUALIZADO)'!V1:V73,"SIN FECHA",0) -> 0
A17: MONTO DE INVERSION ($) | B17: =_xlfn.XLOOKUP(A2,'PRTSEN YARACUY (ACTUALIZADO)'!AD1:AD73,'PRTSEN YARACUY (ACTUALIZADO)'!G1:G73,"SIN CALCULOS",0) -> 217912.31 | C17: FUENTE DE FINANCIAMIENTO | E17: 2025 | F17: 2026 | G17: 2027 | H17: 2028 | I17: 2029 | J17: 2030 | K17: 2031
E18: =_xlfn.XLOOKUP($A$2,'PRTSEN YARACUY (ACTUALIZADO)'!$AD$1:$AD$73,'PRTSEN YARACUY (ACTUALIZADO)'!W1:W73,"0",0) -> 0 | F18: =_xlfn.XLOOKUP($A$2,'PRTSEN YARACUY (ACTUALIZADO)'!$AD$1:$AD$73,'PRTSEN YARACUY (ACTUALIZADO)'!X1:X73,"0",0) -> 217912.31 | G18: =_xlfn.XLOOKUP($A$2,'PRTSEN YARACUY (ACTUALIZADO)'!$AD$1:$AD$73,'PRTSEN YARACUY (ACTUALIZADO)'!Y1:Y73,"0",0) -> 0 | H18: =_xlfn.XLOOKUP($A$2,'PRTSEN YARACUY (ACTUALIZADO)'!$AD$1:$AD$73,'PRTSEN YARACUY (ACTUALIZADO)'!Z1:Z73,"0",0) -> 0 | I18: =_xlfn.XLOOKUP($A$2,'PRTSEN YARACUY (ACTUALIZADO)'!$AD$1:$AD$73,'PRTSEN YARACUY (ACTUALIZADO)'!AA1:AA73,"0",0) -> 0 | J18: =_xlfn.XLOOKUP($A$2,'PRTSEN YARACUY (ACTUALIZADO)'!$AD$1:$AD$73,'PRTSEN YARACUY (ACTUALIZADO)'!AB1:AB73,"0",0) -> 0 | K18: =_xlfn.XLOOKUP($A$2,'PRTSEN YARACUY (ACTUALIZADO)'!$AD$1:$AD$73,'PRTSEN YARACUY (ACTUALIZADO)'!AC1:AC73,"0",0) -> 0
A19: OBSERVACIONES
A20: =IF(_xlfn.XLOOKUP(A2,'PRTSEN YARACUY (ACTUALIZADO)'!AD1:AD73,'PRTSEN YARACUY (ACTUALIZADO)'!AF1:AF73,"",0)=0,"",_xlfn.XLOOKUP(A2,'PRTSEN YARACUY (ACTUALIZADO)'!AD1:AD73,'PRTSEN YARACUY (ACTUALIZADO)'!AF1:AF73,"",0))

Sheet PRT-YARACUY-8
A1: PRT-ESTADO-NNN
A2: PRT-YARACUY-8
A3: ESTADO | B3: MUNICIPIO | C3: DIRECCION | E3: SITUACION ACTUAL DEL PROYECTO | F3: FASE DEL PROYECTO | G3: TIPO DE INSTALACIÓN | H3: NOMBRE DE LA INSTALACIÓN | I3: NIVEL DE TENSIÓN | J3: UNIDAD DE MEDIDA ( MVA, MW, km) | K3: CAPACIDAD KM o MVAR
A4: =_xlfn.XLOOKUP(A2,'PRTSEN YARACUY (ACTUALIZADO)'!AD1:AD73,'PRTSEN YARACUY (ACTUALIZADO)'!P1:P73,"NO EXISTE",0) -> YARACUY | B4: =_xlfn.XLOOKUP(A2,'PRTSEN YARACUY (ACTUALIZADO)'!AD1:AD73,'PRTSEN YARACUY (ACTUALIZADO)'!Q1:Q73,"NO EXISTE",0) -> PEÑA | C4: =_xlfn.XLOOKUP(A2,'PRTSEN YARACUY (ACTUALIZADO)'!AD1:AD73,'PRTSEN YARACUY (ACTUALIZADO)'!R1:R73,"NO EXISTE",0) -> YARITAGUA | E4: =_xlfn.XLOOKUP(A2,'PRTSEN YARACUY (ACTUALIZADO)'!AD1:AD73,'PRTSEN YARACUY (ACTUALIZADO)'!E1:E73,"NO EXISTE",0) -> PENDIENTE | F4: =_xlfn.XLOOKUP(A2,'PRTSEN YARACUY (ACTUALIZADO)'!AD1:AD73,'PRTSEN YARACUY (ACTUALIZADO)'!I1:I73,"NO EXISTE",0) -> INGENIERIA CONCEPTUAL | G4: =_xlfn.XLOOKUP(A2,'PRTSEN YARACUY (ACTUALIZADO)'!AD1:AD73,'PRTSEN YARACUY (ACTUALIZADO)'!K1:K73,"NO EXISTE",0) -> CIRCUITO | H4: =_xlfn.XLOOKUP(A2,'PRTSEN YARACUY (ACTUALIZADO)'!AD1:AD73,'PRTSEN YARACUY (ACTUALIZADO)'!L1:L73,"NO EXISTE",0) -> YARITAGUA SUR Y YARITAGUA NORTE | I4: =_xlfn.XLOOKUP(A2,'PRTSEN YARACUY (ACTUALIZADO)'!AD1:AD73,'PRTSEN YARACUY (ACTUALIZADO)'!M1:M73,"NO EXISTE",0) -> 13,8 KV | J4: =_xlfn.XLOOKUP(A2,'PRTSEN YARACUY (ACTUALIZADO)'!AD1:AD73,'PRTSEN YARACUY (ACTUALIZADO)'!N1:N73,"NO EXISTE",0) -> KM | K4: =_xlfn.XLOOKUP(A2,'PRTSEN YARACUY (ACTUALIZADO)'!AD1:AD73,'PRTSEN YARACUY (ACTUALIZADO)'!O1:O73,"NO EXISTE",0) -> 0.693
A5: NOMBRE DEL PROYECTO | E5: FOTOGRAFIA
A6: =_xlfn.XLOOKUP(A2,'PRTSEN YARACUY (ACTUALIZADO)'!AD1:AD73,'PRTSEN YARACUY (ACTUALIZADO)'!B1:B73,"NO EXISTE",0) -> ADECUACIÓN CAMBIO DE CALIBRE CTO . YRTG SUR Y NORTE
A7: DESCRIPCION DEL PROYECTO
A8: =_xlfn.XLOOKUP(A2,'PRTSEN YARACUY (ACTUALIZADO)'!AD1:AD73,'PRTSEN YARACUY (ACTUALIZADO)'!C1:C73,"NO EXISTE",0) -> CAMBIO DE CALIBRE CIRCUITOS YARITAGUA NORTE Y YARITAGUA SUR. S/E YARITAGUA
A9: ALCANCE DEL PROYECTO
A10: =_xlfn.XLOOKUP(A2,'PRTSEN YARACUY (ACTUALIZADO)'!AD1:AD73,'PRTSEN YARACUY (ACTUALIZADO)'!D1:D73,"NO EXISTE",0) -> CAMBIO DE CALIBRE EN CIRCUITOS YARITAGUA NORTE Y SUR (13,8 KV). CAMBIO DE AL 1/0 Y CU # 2 A 336 DE 0,693 KM TRAMO DESDE LA S/E YARITAGUA HASTA LA CALLE 21 CON CARRERA 8.
A11: IMPACTO PARA EL SEN
A12: =_xlfn.XLOOKUP(A2,'PRTSEN YARACUY (ACTUALIZADO)'!AD1:AD73,'PRTSEN YARACUY (ACTUALIZADO)'!F1:F73,"NO EXISTE",0) -> EL PROYECTO DE ADECUACIÓN DE LÍNEAS DE MEDIA TENSIÓN OPTIMIZA LA INFRAESTRUCTURA ELÉCTRICA MEDIANTE LA MODERNIZACIÓN DE CONDUCTORES, ESTRUCTURAS Y AISLADORES, MEJORANDO LA CAPACIDAD DE CARGA Y REDUCIENDO PÉRDIDAS POR EFECTO JOULE. SU IMPACTO SE TRADUCE EN *MAYOR EFICIENCIA ENERGÉTICA, REDUCCIÓN DE FALLAS Y AUMENTO DE LA CONFIABILIDAD DEL SISTEMA*, BENEFICIANDO TANTO A USUARIOS INDUSTRIALES COMO RESIDENCIALES, AL GARANTIZAR UNA DISTRIBUCIÓN ESTABLE Y SEGURA DE LA ENERGÍA. ADEMÁS, DISMINUYE COSTOS DE MANTENIMIENTO Y CONTRIBUYE A LA SOSTENIBILIDAD DEL SERVICIO ELÉCTRICO.
A13: NÙMERO DE FAMILIAS BENEFICIADAS
A15: PERIODO DE EJECUCIÓN | B15: LAPSO DE EJECUCION (EN MESES) | C15: INICIO | D15: FIN
B16: =(YEAR(D16)-YEAR(C16))*12 + MONTH(D16)-MONTH(C16) -> 0 | C16: =_xlfn.XLOOKUP(A2,'PRTSEN YARACUY (ACTUALIZADO)'!AD1:AD73,'PRTSEN YARACUY (ACTUALIZADO)'!U1:U73,"SIN FECHA",0) -> 0 | D16: =_xlfn.XLOOKUP(A2,'PRTSEN YARACUY (ACTUALIZADO)'!AD1:AD73,'PRTSEN YARACUY (ACTUALIZADO)'!V1:V73,"SIN FECHA",0) -> 0
A17: MONTO DE INVERSION ($) | B17: =_xlfn.XLOOKUP(A2,'PRTSEN YARACUY (ACTUALIZADO)'!AD1:AD73,'PRTSEN YARACUY (ACTUALIZADO)'!G1:G73,"SIN CALCULOS",0) -> 26495.123 | C17: FUENTE DE FINANCIAMIENTO | E17: 2025 | F17: 2026 | G17: 2027 | H17: 2028 | I17: 2029 | J17: 2030 | K17: 2031
E18: =_xlfn.XLOOKUP($A$2,'PRTSEN YARACUY (ACTUALIZADO)'!$AD$1:$AD$73,'PRTSEN YARACUY (ACTUALIZADO)'!W1:W73,"0",0) -> 0 | F18: =_xlfn.XLOOKUP($A$2,'PRTSEN YARACUY (ACTUALIZADO)'!$AD$1:$AD$73,'PRTSEN YARACUY (ACTUALIZADO)'!X1:X73,"0",0) -> 26495.123 | G18: =_xlfn.XLOOKUP($A$2,'PRTSEN YARACUY (ACTUALIZADO)'!$AD$1:$AD$73,'PRTSEN YARACUY (ACTUALIZADO)'!Y1:Y73,"0",0) -> 0 | H18: =_xlfn.XLOOKUP($A$2,'PRTSEN YARACUY (ACTUALIZADO)'!$AD$1:$AD$73,'PRTSEN YARACUY (ACTUALIZADO)'!Z1:Z73,"0",0) -> 0 | I18: =_xlfn.XLOOKUP($A$2,'PRTSEN YARACUY (ACTUALIZADO)'!$AD$1:$AD$73,'PRTSEN YARACUY (ACTUALIZADO)'!AA1:AA73,"0",0) -> 0 | J18: =_xlfn.XLOOKUP($A$2,'PRTSEN YARACUY (ACTUALIZADO)'!$AD$1:$AD$73,'PRTSEN YARACUY (ACTUALIZADO)'!AB1:AB73,"0",0) -> 0 | K18: =_xlfn.XLOOKUP($A$2,'PRTSEN YARACUY (ACTUALIZADO)'!$AD$1:$AD$73,'PRTSEN YARACUY (ACTUALIZADO)'!AC1:AC73,"0",0) -> 0
A19: OBSERVACIONES
A20: =IF(_xlfn.XLOOKUP(A2,'PRTSEN YARACUY (ACTUALIZADO)'!AD1:AD73,'PRTSEN YARACUY (ACTUALIZADO)'!AF1:AF73,"",0)=0,"",_xlfn.XLOOKUP(A2,'PRTSEN YARACUY (ACTUALIZADO)'!AD1:AD73,'PRTSEN YARACUY (ACTUALIZADO)'!AF1:AF73,"",0))

Sheet PRT-YARACUY-9
A1: PRT-ESTADO-NNN
A2: PRT-YARACUY-9
A3: ESTADO | B3: MUNICIPIO | C3: DIRECCION | E3: SITUACION ACTUAL DEL PROYECTO | F3: FASE DEL PROYECTO | G3: TIPO DE INSTALACIÓN | H3: NOMBRE DE LA INSTALACIÓN | I3: NIVEL DE TENSIÓN | J3: UNIDAD DE MEDIDA ( MVA, MW, km) | K3: CAPACIDAD KM o MVAR
A4: =_xlfn.XLOOKUP(A2,'PRTSEN YARACUY (ACTUALIZADO)'!AD1:AD73,'PRTSEN YARACUY (ACTUALIZADO)'!P1:P73,"NO EXISTE",0) -> YARACUY | B4: =_xlfn.XLOOKUP(A2,'PRTSEN YARACUY (ACTUALIZADO)'!AD1:AD73,'PRTSEN YARACUY (ACTUALIZADO)'!Q1:Q73,"NO EXISTE",0) -> SAN FELIPE | C4: =_xlfn.XLOOKUP(A2,'PRTSEN YARACUY (ACTUALIZADO)'!AD1:AD73,'PRTSEN YARACUY (ACTUALIZADO)'!R1:R73,"NO EXISTE",0) -> SAN FELIPE | E4: =_xlfn.XLOOKUP(A2,'PRTSEN YARACUY (ACTUALIZADO)'!AD1:AD73,'PRTSEN YARACUY (ACTUALIZADO)'!E1:E73,"NO EXISTE",0) -> PENDIENTE | F4: =_xlfn.XLOOKUP(A2,'PRTSEN YARACUY (ACTUALIZADO)'!AD1:AD73,'PRTSEN YARACUY (ACTUALIZADO)'!I1:I73,"NO EXISTE",0) -> INGENIERIA CONCEPTUAL | G4: =_xlfn.XLOOKUP(A2,'PRTSEN YARACUY (ACTUALIZADO)'!AD1:AD73,'PRTSEN YARACUY (ACTUALIZADO)'!K1:K73,"NO EXISTE",0) -> CIRCUITO | H4: =_xlfn.XLOOKUP(A2,'PRTSEN YARACUY (ACTUALIZADO)'!AD1:AD73,'PRTSEN YARACUY (ACTUALIZADO)'!L1:L73,"NO EXISTE",0) -> INDEPENDENCIA | I4: =_xlfn.XLOOKUP(A2,'PRTSEN YARACUY (ACTUALIZADO)'!AD1:AD73,'PRTSEN YARACUY (ACTUALIZADO)'!M1:M73,"NO EXISTE",0) -> 12,47 KV | J4: =_xlfn.XLOOKUP(A2,'PRTSEN YARACUY (ACTUALIZADO)'!AD1:AD73,'PRTSEN YARACUY (ACTUALIZADO)'!N1:N73,"NO EXISTE",0) -> KM | K4: =_xlfn.XLOOKUP(A2,'PRTSEN YARACUY (ACTUALIZADO)'!AD1:AD73,'PRTSEN YARACUY (ACTUALIZADO)'!O1:O73,"NO EXISTE",0) -> 5
A5: NOMBRE DEL PROYECTO | E5: FOTOGRAFIA
A6: =_xlfn.XLOOKUP(A2,'PRTSEN YARACUY (ACTUALIZADO)'!AD1:AD73,'PRTSEN YARACUY (ACTUALIZADO)'!B1:B73,"NO EXISTE",0) -> ADECUACIÓN CAMBIO DE CALIBRE CTO. CENTRO
A7: DESCRIPCION DEL PROYECTO
A8: =_xlfn.XLOOKUP(A2,'PRTSEN YARACUY (ACTUALIZADO)'!AD1:AD73,'PRTSEN YARACUY (ACTUALIZADO)'!C1:C73,"NO EXISTE",0) -> CAMBIO DE CALIBRE CTO. CENTRO POR OBSOLESCENCIA. S/E INDEPENDENCIA
A9: ALCANCE DEL PROYECTO
A10: =_xlfn.XLOOKUP(A2,'PRTSEN YARACUY (ACTUALIZADO)'!AD1:AD73,'PRTSEN YARACUY (ACTUALIZADO)'!D1:D73,"NO EXISTE",0) -> CAMBIO DE CALIBRE EN CIRCUITO CENTRO (12,47 KV) EN TRAMO DE UN APROXIMADO DE 5 KM DE LINEA POR OBSOLESCENCIA. S/E SAN FELIPE 2
A11: IMPACTO PARA EL SEN
A12: =_xlfn.XLOOKUP(A2,'PRTSEN YARACUY (ACTUALIZADO)'!AD1:AD73,'PRTSEN YARACUY (ACTUALIZADO)'!F1:F73,"NO EXISTE",0) -> EL PROYECTO DE ADECUACIÓN DE LÍNEAS DE MEDIA TENSIÓN OPTIMIZA LA INFRAESTRUCTURA ELÉCTRICA MEDIANTE LA MODERNIZACIÓN DE CONDUCTORES, ESTRUCTURAS Y AISLADORES, MEJORANDO LA CAPACIDAD DE CARGA Y REDUCIENDO PÉRDIDAS POR EFECTO JOULE. SU IMPACTO SE TRADUCE EN *MAYOR EFICIENCIA ENERGÉTICA, REDUCCIÓN DE FALLAS Y AUMENTO DE LA CONFIABILIDAD DEL SISTEMA*, BENEFICIANDO TANTO A USUARIOS INDUSTRIALES COMO RESIDENCIALES, AL GARANTIZAR UNA DISTRIBUCIÓN ESTABLE Y SEGURA DE LA ENERGÍA. ADEMÁS, DISMINUYE COSTOS DE MANTENIMIENTO Y CONTRIBUYE A LA SOSTENIBILIDAD DEL SERVICIO ELÉCTRICO.
A13: NÙMERO DE FAMILIAS BENEFICIADAS
A15: PERIODO DE EJECUCIÓN | B15: LAPSO DE EJECUCION (EN MESES) | C15: INICIO | D15: FIN
B16: =(YEAR(D16)-YEAR(C16))*12 + MONTH(D16)-MONTH(C16) -> 4 | C16: =_xlfn.XLOOKUP(A2,'PRTSEN YARACUY (ACTUALIZADO)'!AD1:AD73,'PRTSEN YARACUY (ACTUALIZADO)'!U1:U73,"SIN FECHA",0) -> 3/3/2026 | D16: =_xlfn.XLOOKUP(A2,'PRTSEN YARACUY (ACTUALIZADO)'!AD1:AD73,'PRTSEN YARACUY (ACTUALIZADO)'!V1:V73,"SIN FECHA",0) -> 3/7/2026
A17: MONTO DE INVERSION ($) | B17: =_xlfn.XLOOKUP(A2,'PRTSEN YARACUY (ACTUALIZADO)'!AD1:AD73,'PRTSEN YARACUY (ACTUALIZADO)'!G1:G73,"SIN CALCULOS",0) -> 191162.5 | C17: FUENTE DE FINANCIAMIENTO | E17: 2025 | F17: 2026 | G17: 2027 | H17: 2028 | I17: 2029 | J17: 2030 | K17: 2031
E18: =_xlfn.XLOOKUP($A$2,'PRTSEN YARACUY (ACTUALIZADO)'!$AD$1:$AD$73,'PRTSEN YARACUY (ACTUALIZADO)'!W1:W73,"0",0) -> 0 | F18: =_xlfn.XLOOKUP($A$2,'PRTSEN YARACUY (ACTUALIZADO)'!$AD$1:$AD$73,'PRTSEN YARACUY (ACTUALIZADO)'!X1:X73,"0",0) -> 191162.5 | G18: =_xlfn.XLOOKUP($A$2,'PRTSEN YARACUY (ACTUALIZADO)'!$AD$1:$AD$73,'PRTSEN YARACUY (ACTUALIZADO)'!Y1:Y73,"0",0) -> 0 | H18: =_xlfn.XLOOKUP($A$2,'PRTSEN YARACUY (ACTUALIZADO)'!$AD$1:$AD$73,'PRTSEN YARACUY (ACTUALIZADO)'!Z1:Z73,"0",0) -> 0 | I18: =_xlfn.XLOOKUP($A$2,'PRTSEN YARACUY (ACTUALIZADO)'!$AD$1:$AD$73,'PRTSEN YARACUY (ACTUALIZADO)'!AA1:AA73,"0",0) -> 0 | J18: =_xlfn.XLOOKUP($A$2,'PRTSEN YARACUY (ACTUALIZADO)'!$AD$1:$AD$73,'PRTSEN YARACUY (ACTUALIZADO)'!AB1:AB73,"0",0) -> 0 | K18: =_xlfn.XLOOKUP($A$2,'PRTSEN YARACUY (ACTUALIZADO)'!$AD$1:$AD$73,'PRTSEN YARACUY (ACTUALIZADO)'!AC1:AC73,"0",0) -> 0
A19: OBSERVACIONES
A20: =IF(_xlfn.XLOOKUP(A2,'PRTSEN YARACUY (ACTUALIZADO)'!AD1:AD73,'PRTSEN YARACUY (ACTUALIZADO)'!AF1:AF73,"",0)=0,"",_xlfn.XLOOKUP(A2,'PRTSEN YARACUY (ACTUALIZADO)'!AD1:AD73,'PRTSEN YARACUY (ACTUALIZADO)'!AF1:AF73,"",0))

Sheet PRT-YARACUY-10
A1: PRT-ESTADO-NNN
A2: PRT-YARACUY-10
A3: ESTADO | B3: MUNICIPIO | C3: DIRECCION | E3: SITUACION ACTUAL DEL PROYECTO | F3: FASE DEL PROYECTO | G3: TIPO DE INSTALACIÓN | H3: NOMBRE DE LA INSTALACIÓN | I3: NIVEL DE TENSIÓN | J3: UNIDAD DE MEDIDA ( MVA, MW, km) | K3: CAPACIDAD KM o MVAR
A4: =_xlfn.XLOOKUP(A2,'PRTSEN YARACUY (ACTUALIZADO)'!AD1:AD73,'PRTSEN YARACUY (ACTUALIZADO)'!P1:P73,"NO EXISTE",0) -> YARACUY | B4: =_xlfn.XLOOKUP(A2,'PRTSEN YARACUY (ACTUALIZADO)'!AD1:AD73,'PRTSEN YARACUY (ACTUALIZADO)'!Q1:Q73,"NO EXISTE",0) -> PEÑA | C4: =_xlfn.XLOOKUP(A2,'PRTSEN YARACUY (ACTUALIZADO)'!AD1:AD73,'PRTSEN YARACUY (ACTUALIZADO)'!R1:R73,"NO EXISTE",0) -> YARITAGUA | E4: =_xlfn.XLOOKUP(A2,'PRTSEN YARACUY (ACTUALIZADO)'!AD1:AD73,'PRTSEN YARACUY (ACTUALIZADO)'!E1:E73,"NO EXISTE",0) -> PENDIENTE | F4: =_xlfn.XLOOKUP(A2,'PRTSEN YARACUY (ACTUALIZADO)'!AD1:AD73,'PRTSEN YARACUY (ACTUALIZADO)'!I1:I73,"NO EXISTE",0) -> INGENIERIA CONCEPTUAL | G4: =_xlfn.XLOOKUP(A2,'PRTSEN YARACUY (ACTUALIZADO)'!AD1:AD73,'PRTSEN YARACUY (ACTUALIZADO)'!K1:K73,"NO EXISTE",0) -> CIRCUITO | H4: =_xlfn.XLOOKUP(A2,'PRTSEN YARACUY (ACTUALIZADO)'!AD1:AD73,'PRTSEN YARACUY (ACTUALIZADO)'!L1:L73,"NO EXISTE",0) -> DUACA, MANZANITA Y CORPOVEN | I4: =_xlfn.XLOOKUP(A2,'PRTSEN YARACUY (ACTUALIZADO)'!AD1:AD73,'PRTSEN YARACUY (ACTUALIZADO)'!M1:M73,"NO EXISTE",0) -> 13,8 KV | J4: =_xlfn.XLOOKUP(A2,'PRTSEN YARACUY (ACTUALIZADO)'!AD1:AD73,'PRTSEN YARACUY (ACTUALIZADO)'!N1:N73,"NO EXISTE",0) -> KM | K4: =_xlfn.XLOOKUP(A2,'PRTSEN YARACUY (ACTUALIZADO)'!AD1:AD73,'PRTSEN YARACUY (ACTUALIZADO)'!O1:O73,"NO EXISTE",0) -> 4.5
A5: NOMBRE DEL PROYECTO | E5: FOTOGRAFIA
A6: =_xlfn.XLOOKUP(A2,'PRTSEN YARACUY (ACTUALIZADO)'!AD1:AD73,'PRTSEN YARACUY (ACTUALIZADO)'!B1:B73,"NO EXISTE",0) -> ADECUACIÓN CAMBIO DE CALIBRE CTO. DUACA, MANZANITA Y CORPOVEN
A7: DESCRIPCION DEL PROYECTO
A8: =_xlfn.XLOOKUP(A2,'PRTSEN YARACUY (ACTUALIZADO)'!AD1:AD73,'PRTSEN YARACUY (ACTUALIZADO)'!C1:C73,"NO EXISTE",0) -> CAMBIO DE CALIBRE CIRCUITOS EN 13,8 KV DUACA, MANZANITA (TRAMO E/S-LAS CANARIAS), ZONA INDUSTRIAL, CORPOVEN. S/E YARITAGUA.
A9: ALCANCE DEL PROYECTO
A10: =_xlfn.XLOOKUP(A2,'PRTSEN YARACUY (ACTUALIZADO)'!AD1:AD73,'PRTSEN YARACUY (ACTUALIZADO)'!D1:D73,"NO EXISTE",0) -> CAMBIO DE CALIBRE CIRCUITOS EN 13,8 KV DUACA, MANZANITA (TRAMO E/S-LAS CANARIAS), ZONA INDUSTRIAL, CORPOVEN. S/E YARITAGUA. 4.5 KM
A11: IMPACTO PARA EL SEN
A12: =_xlfn.XLOOKUP(A2,'PRTSEN YARACUY (ACTUALIZADO)'!AD1:AD73,'PRTSEN YARACUY (ACTUALIZADO)'!F1:F73,"NO EXISTE",0) -> EL PROYECTO DE ADECUACIÓN DE LÍNEAS DE MEDIA TENSIÓN OPTIMIZA LA INFRAESTRUCTURA ELÉCTRICA MEDIANTE LA MODERNIZACIÓN DE CONDUCTORES, ESTRUCTURAS Y AISLADORES, MEJORANDO LA CAPACIDAD DE CARGA Y REDUCIENDO PÉRDIDAS POR EFECTO JOULE. SU IMPACTO SE TRADUCE EN *MAYOR EFICIENCIA ENERGÉTICA, REDUCCIÓN DE FALLAS Y AUMENTO DE LA CONFIABILIDAD DEL SISTEMA*, BENEFICIANDO TANTO A USUARIOS INDUSTRIALES COMO RESIDENCIALES, AL GARANTIZAR UNA DISTRIBUCIÓN ESTABLE Y SEGURA DE LA ENERGÍA. ADEMÁS, DISMINUYE COSTOS DE MANTENIMIENTO Y CONTRIBUYE A LA SOSTENIBILIDAD DEL SERVICIO ELÉCTRICO.
A13: NÙMERO DE FAMILIAS BENEFICIADAS
A15: PERIODO DE EJECUCIÓN | B15: LAPSO DE EJECUCION (EN MESES) | C15: INICIO | D15: FIN
B16: =(YEAR(D16)-YEAR(C16))*12 + MONTH(D16)-MONTH(C16) -> 1 | C16: =_xlfn.XLOOKUP(A2,'PRTSEN YARACUY (ACTUALIZADO)'!AD1:AD73,'PRTSEN YARACUY (ACTUALIZADO)'!U1:U73,"SIN FECHA",0) -> 3/3/2026 | D16: =_xlfn.XLOOKUP(A2,'PRTSEN YARACUY (ACTUALIZADO)'!AD1:AD73,'PRTSEN YARACUY (ACTUALIZADO)'!V1:V73,"SIN FECHA",0) -> 3/4/2026
A17: MONTO DE INVERSION ($) | B17: =_xlfn.XLOOKUP(A2,'PRTSEN YARACUY (ACTUALIZADO)'!AD1:AD73,'PRTSEN YARACUY (ACTUALIZADO)'!G1:G73,"SIN CALCULOS",0) -> 172046.25 | C17: FUENTE DE FINANCIAMIENTO | E17: 2025 | F17: 2026 | G17: 2027 | H17: 2028 | I17: 2029 | J17: 2030 | K17: 2031
E18: =_xlfn.XLOOKUP($A$2,'PRTSEN YARACUY (ACTUALIZADO)'!$AD$1:$AD$73,'PRTSEN YARACUY (ACTUALIZADO)'!W1:W73,"0",0) -> 0 | F18: =_xlfn.XLOOKUP($A$2,'PRTSEN YARACUY (ACTUALIZADO)'!$AD$1:$AD$73,'PRTSEN YARACUY (ACTUALIZADO)'!X1:X73,"0",0) -> 172046.25 | G18: =_xlfn.XLOOKUP($A$2,'PRTSEN YARACUY (ACTUALIZADO)'!$AD$1:$AD$73,'PRTSEN YARACUY (ACTUALIZADO)'!Y1:Y73,"0",0) -> 0 | H18: =_xlfn.XLOOKUP($A$2,'PRTSEN YARACUY (ACTUALIZADO)'!$AD$1:$AD$73,'PRTSEN YARACUY (ACTUALIZADO)'!Z1:Z73,"0",0) -> 0 | I18: =_xlfn.XLOOKUP($A$2,'PRTSEN YARACUY (ACTUALIZADO)'!$AD$1:$AD$73,'PRTSEN YARACUY (ACTUALIZADO)'!AA1:AA73,"0",0) -> 0 | J18: =_xlfn.XLOOKUP($A$2,'PRTSEN YARACUY (ACTUALIZADO)'!$AD$1:$AD$73,'PRTSEN YARACUY (ACTUALIZADO)'!AB1:AB73,"0",0) -> 0 | K18: =_xlfn.XLOOKUP($A$2,'PRTSEN YARACUY (ACTUALIZADO)'!$AD$1:$AD$73,'PRTSEN YARACUY (ACTUALIZADO)'!AC1:AC73,"0",0) -> 0
A19: OBSERVACIONES
A20: =IF(_xlfn.XLOOKUP(A2,'PRTSEN YARACUY (ACTUALIZADO)'!AD1:AD73,'PRTSEN YARACUY (ACTUALIZADO)'!AF1:AF73,"",0)=0,"",_xlfn.XLOOKUP(A2,'PRTSEN YARACUY (ACTUALIZADO)'!AD1:AD73,'PRTSEN YARACUY (ACTUALIZADO)'!AF1:AF73,"",0))

Sheet PRT-YARACUY-11
A1: PRT-ESTADO-NNN
A2: PRT-YARACUY-11
A3: ESTADO | B3: MUNICIPIO | C3: DIRECCION | E3: SITUACION ACTUAL DEL PROYECTO | F3: FASE DEL PROYECTO | G3: TIPO DE INSTALACIÓN | H3: NOMBRE DE LA INSTALACIÓN | I3: NIVEL DE TENSIÓN | J3: UNIDAD DE MEDIDA ( MVA, MW, km) | K3: CAPACIDAD KM o MVAR
A4: =_xlfn.XLOOKUP(A2,'PRTSEN YARACUY (ACTUALIZADO)'!AD1:AD73,'PRTSEN YARACUY (ACTUALIZADO)'!P1:P73,"NO EXISTE",0) -> YARACUY | B4: =_xlfn.XLOOKUP(A2,'PRTSEN YARACUY (ACTUALIZADO)'!AD1:AD73,'PRTSEN YARACUY (ACTUALIZADO)'!Q1:Q73,"NO EXISTE",0) -> BOLÍVAR | C4: =_xlfn.XLOOKUP(A2,'PRTSEN YARACUY (ACTUALIZADO)'!AD1:AD73,'PRTSEN YARACUY (ACTUALIZADO)'!R1:R73,"NO EXISTE",0) -> AROA | E4: =_xlfn.XLOOKUP(A2,'PRTSEN YARACUY (ACTUALIZADO)'!AD1:AD73,'PRTSEN YARACUY (ACTUALIZADO)'!E1:E73,"NO EXISTE",0) -> PENDIENTE | F4: =_xlfn.XLOOKUP(A2,'PRTSEN YARACUY (ACTUALIZADO)'!AD1:AD73,'PRTSEN YARACUY (ACTUALIZADO)'!I1:I73,"NO EXISTE",0) -> INGENIERIA CONCEPTUAL | G4: =_xlfn.XLOOKUP(A2,'PRTSEN YARACUY (ACTUALIZADO)'!AD1:AD73,'PRTSEN YARACUY (ACTUALIZADO)'!K1:K73,"NO EXISTE",0) -> CIRCUITO | H4: =_xlfn.XLOOKUP(A2,'PRTSEN YARACUY (ACTUALIZADO)'!AD1:AD73,'PRTSEN YARACUY (ACTUALIZADO)'!L1:L73,"NO EXISTE",0) -> AROA | I4: =_xlfn.XLOOKUP(A2,'PRTSEN YARACUY (ACTUALIZADO)'!AD1:AD73,'PRTSEN YARACUY (ACTUALIZADO)'!M1:M73,"NO EXISTE",0) -> 13,8 KV | J4: =_xlfn.XLOOKUP(A2,'PRTSEN YARACUY (ACTUALIZADO)'!AD1:AD73,'PRTSEN YARACUY (ACTUALIZADO)'!N1:N73,"NO EXISTE",0) -> KM | K4: =_xlfn.XLOOKUP(A2,'PRTSEN YARACUY (ACTUALIZADO)'!AD1:AD73,'PRTSEN YARACUY (ACTUALIZADO)'!O1:O73,"NO EXISTE",0) -> 12
A5: NOMBRE DEL PROYECTO | E5: FOTOGRAFIA
A6: =_xlfn.XLOOKUP(A2,'PRTSEN YARACUY (ACTUALIZADO)'!AD1:AD73,'PRTSEN YARACUY (ACTUALIZADO)'!B1:B73,"NO EXISTE",0) -> ADECUACIÓN CAMBIO DE CALIBRE CTO. LAS CUMARAGUAS
A7: DESCRIPCION DEL PROYECTO
A8: =_xlfn.XLOOKUP(A2,'PRTSEN YARACUY (ACTUALIZADO)'!AD1:AD73,'PRTSEN YARACUY (ACTUALIZADO)'!C1:C73,"NO EXISTE",0) -> CAMBIO DE CALIBRE CIRCUITO LAS CUMARAGUAS. S/E AROA
A9: ALCANCE DEL PROYECTO
A10: =_xlfn.XLOOKUP(A2,'PRTSEN YARACUY (ACTUALIZADO)'!AD1:AD73,'PRTSEN YARACUY (ACTUALIZADO)'!D1:D73,"NO EXISTE",0) -> CAMBIO DE CALIBRE CIRCUITO LAS CUMARAGUAS 13,8 KV DE 12 KM. CONDUCTOR 4/0 AL DESDE MINAS DE AROA HASTA SECTOR MILLA. S/E AROA
A11: IMPACTO PARA EL SEN
A12: =_xlfn.XLOOKUP(A2,'PRTSEN YARACUY (ACTUALIZADO)'!AD1:AD73,'PRTSEN YARACUY (ACTUALIZADO)'!F1:F73,"NO EXISTE",0) -> EL PROYECTO DE ADECUACIÓN DE LÍNEAS DE MEDIA TENSIÓN OPTIMIZA LA INFRAESTRUCTURA ELÉCTRICA MEDIANTE LA MODERNIZACIÓN DE CONDUCTORES, ESTRUCTURAS Y AISLADORES, MEJORANDO LA CAPACIDAD DE CARGA Y REDUCIENDO PÉRDIDAS POR EFECTO JOULE. SU IMPACTO SE TRADUCE EN *MAYOR EFICIENCIA ENERGÉTICA, REDUCCIÓN DE FALLAS Y AUMENTO DE LA CONFIABILIDAD DEL SISTEMA*, BENEFICIANDO TANTO A USUARIOS INDUSTRIALES COMO RESIDENCIALES, AL GARANTIZAR UNA DISTRIBUCIÓN ESTABLE Y SEGURA DE LA ENERGÍA. ADEMÁS, DISMINUYE COSTOS DE MANTENIMIENTO Y CONTRIBUYE A LA SOSTENIBILIDAD DEL SERVICIO ELÉCTRICO.
A13: NÙMERO DE FAMILIAS BENEFICIADAS
A15: PERIODO DE EJECUCIÓN | B15: LAPSO DE EJECUCION (EN MESES) | C15: INICIO | D15: FIN
B16: =(YEAR(D16)-YEAR(C16))*12 + MONTH(D16)-MONTH(C16) -> 5 | C16: =_xlfn.XLOOKUP(A2,'PRTSEN YARACUY (ACTUALIZADO)'!AD1:AD73,'PRTSEN YARACUY (ACTUALIZADO)'!U1:U73,"SIN FECHA",0) -> 3/3/2026 | D16: =_xlfn.XLOOKUP(A2,'PRTSEN YARACUY (ACTUALIZADO)'!AD1:AD73,'PRTSEN YARACUY (ACTUALIZADO)'!V1:V73,"SIN FECHA",0) -> 3/8/2026
A17: MONTO DE INVERSION ($) | B17: =_xlfn.XLOOKUP(A2,'PRTSEN YARACUY (ACTUALIZADO)'!AD1:AD73,'PRTSEN YARACUY (ACTUALIZADO)'!G1:G73,"SIN CALCULOS",0) -> 458790 | C17: FUENTE DE FINANCIAMIENTO | E17: 2025 | F17: 2026 | G17: 2027 | H17: 2028 | I17: 2029 | J17: 2030 | K17: 2031
E18: =_xlfn.XLOOKUP($A$2,'PRTSEN YARACUY (ACTUALIZADO)'!$AD$1:$AD$73,'PRTSEN YARACUY (ACTUALIZADO)'!W1:W73,"0",0) -> 0 | F18: =_xlfn.XLOOKUP($A$2,'PRTSEN YARACUY (ACTUALIZADO)'!$AD$1:$AD$73,'PRTSEN YARACUY (ACTUALIZADO)'!X1:X73,"0",0) -> 458790 | G18: =_xlfn.XLOOKUP($A$2,'PRTSEN YARACUY (ACTUALIZADO)'!$AD$1:$AD$73,'PRTSEN YARACUY (ACTUALIZADO)'!Y1:Y73,"0",0) -> 0 | H18: =_xlfn.XLOOKUP($A$2,'PRTSEN YARACUY (ACTUALIZADO)'!$AD$1:$AD$73,'PRTSEN YARACUY (ACTUALIZADO)'!Z1:Z73,"0",0) -> 0 | I18: =_xlfn.XLOOKUP($A$2,'PRTSEN YARACUY (ACTUALIZADO)'!$AD$1:$AD$73,'PRTSEN YARACUY (ACTUALIZADO)'!AA1:AA73,"0",0) -> 0 | J18: =_xlfn.XLOOKUP($A$2,'PRTSEN YARACUY (ACTUALIZADO)'!$AD$1:$AD$73,'PRTSEN YARACUY (ACTUALIZADO)'!AB1:AB73,"0",0) -> 0 | K18: =_xlfn.XLOOKUP($A$2,'PRTSEN YARACUY (ACTUALIZADO)'!$AD$1:$AD$73,'PRTSEN YARACUY (ACTUALIZADO)'!AC1:AC73,"0",0) -> 0
A19: OBSERVACIONES
A20: =IF(_xlfn.XLOOKUP(A2,'PRTSEN YARACUY (ACTUALIZADO)'!AD1:AD73,'PRTSEN YARACUY (ACTUALIZADO)'!AF1:AF73,"",0)=0,"",_xlfn.XLOOKUP(A2,'PRTSEN YARACUY (ACTUALIZADO)'!AD1:AD73,'PRTSEN YARACUY (ACTUALIZADO)'!AF1:AF73,"",0))

Sheet PRT-YARACUY-12
A1: PRT-ESTADO-NNN
A2: PRT-YARACUY-12
A3: ESTADO | B3: MUNICIPIO | C3: DIRECCION | E3: SITUACION ACTUAL DEL PROYECTO | F3: FASE DEL PROYECTO | G3: TIPO DE INSTALACIÓN | H3: NOMBRE DE LA INSTALACIÓN | I3: NIVEL DE TENSIÓN | J3: UNIDAD DE MEDIDA ( MVA, MW, km) | K3: CAPACIDAD KM o MVAR
A4: =_xlfn.XLOOKUP(A2,'PRTSEN YARACUY (ACTUALIZADO)'!AD1:AD73,'PRTSEN YARACUY (ACTUALIZADO)'!P1:P73,"NO EXISTE",0) -> YARACUY | B4: =_xlfn.XLOOKUP(A2,'PRTSEN YARACUY (ACTUALIZADO)'!AD1:AD73,'PRTSEN YARACUY (ACTUALIZADO)'!Q1:Q73,"NO EXISTE",0) -> COCOROTE | C4: =_xlfn.XLOOKUP(A2,'PRTSEN YARACUY (ACTUALIZADO)'!AD1:AD73,'PRTSEN YARACUY (ACTUALIZADO)'!R1:R73,"NO EXISTE",0) -> SAN FELIPE | E4: =_xlfn.XLOOKUP(A2,'PRTSEN YARACUY (ACTUALIZADO)'!AD1:AD73,'PRTSEN YARACUY (ACTUALIZADO)'!E1:E73,"NO EXISTE",0) -> PENDIENTE | F4: =_xlfn.XLOOKUP(A2,'PRTSEN YARACUY (ACTUALIZADO)'!AD1:AD73,'PRTSEN YARACUY (ACTUALIZADO)'!I1:I73,"NO EXISTE",0) -> INGENIERIA CONCEPTUAL | G4: =_xlfn.XLOOKUP(A2,'PRTSEN YARACUY (ACTUALIZADO)'!AD1:AD73,'PRTSEN YARACUY (ACTUALIZADO)'!K1:K73,"NO EXISTE",0) -> CIRCUITO | H4: =_xlfn.XLOOKUP(A2,'PRTSEN YARACUY (ACTUALIZADO)'!AD1:AD73,'PRTSEN YARACUY (ACTUALIZADO)'!L1:L73,"NO EXISTE",0) -> INDEPENDENCIA | I4: =_xlfn.XLOOKUP(A2,'PRTSEN YARACUY (ACTUALIZADO)'!AD1:AD73,'PRTSEN YARACUY (ACTUALIZADO)'!M1:M73,"NO EXISTE",0) -> 12,47 KV | J4: =_xlfn.XLOOKUP(A2,'PRTSEN YARACUY (ACTUALIZADO)'!AD1:AD73,'PRTSEN YARACUY (ACTUALIZADO)'!N1:N73,"NO EXISTE",0) -> KM | K4: =_xlfn.XLOOKUP(A2,'PRTSEN YARACUY (ACTUALIZADO)'!AD1:AD73,'PRTSEN YARACUY (ACTUALIZADO)'!O1:O73,"NO EXISTE",0) -> 7.5
A5: NOMBRE DEL PROYECTO | E5: FOTOGRAFIA
A6: =_xlfn.XLOOKUP(A2,'PRTSEN YARACUY (ACTUALIZADO)'!AD1:AD73,'PRTSEN YARACUY (ACTUALIZADO)'!B1:B73,"NO EXISTE",0) -> ADECUACIÓN CAMBIO DE CALIBRE CTO. COCOROTE
A7: DESCRIPCION DEL PROYECTO
A8: =_xlfn.XLOOKUP(A2,'PRTSEN YARACUY (ACTUALIZADO)'!AD1:AD73,'PRTSEN YARACUY (ACTUALIZADO)'!C1:C73,"NO EXISTE",0) -> CAMBIO DE CALIBRE 4/0 A 366 Y EXTENSIÓN CIRCUITO COCOROTE. S/E INDEPENDENCIA
A9: ALCANCE DEL PROYECTO
A10: =_xlfn.XLOOKUP(A2,'PRTSEN YARACUY (ACTUALIZADO)'!AD1:AD73,'PRTSEN YARACUY (ACTUALIZADO)'!D1:D73,"NO EXISTE",0) -> CAMBIO DE CALIBRE Y EXTENSIÓN CIRCUITO COCOROTE CONDUCTOR AL 4/0 A 366 MCM. S/E INDEPENDENCIA. 7,5 KM
A11: IMPACTO PARA EL SEN
A12: =_xlfn.XLOOKUP(A2,'PRTSEN YARACUY (ACTUALIZADO)'!AD1:AD73,'PRTSEN YARACUY (ACTUALIZADO)'!F1:F73,"NO EXISTE",0) -> EL PROYECTO DE ADECUACIÓN DE LÍNEAS DE MEDIA TENSIÓN OPTIMIZA LA INFRAESTRUCTURA ELÉCTRICA MEDIANTE LA MODERNIZACIÓN DE CONDUCTORES, ESTRUCTURAS Y AISLADORES, MEJORANDO LA CAPACIDAD DE CARGA Y REDUCIENDO PÉRDIDAS POR EFECTO JOULE. SU IMPACTO SE TRADUCE EN *MAYOR EFICIENCIA ENERGÉTICA, REDUCCIÓN DE FALLAS Y AUMENTO DE LA CONFIABILIDAD DEL SISTEMA*, BENEFICIANDO TANTO A USUARIOS INDUSTRIALES COMO RESIDENCIALES, AL GARANTIZAR UNA DISTRIBUCIÓN ESTABLE Y SEGURA DE LA ENERGÍA. ADEMÁS, DISMINUYE COSTOS DE MANTENIMIENTO Y CONTRIBUYE A LA SOSTENIBILIDAD DEL SERVICIO ELÉCTRICO.
A13: NÙMERO DE FAMILIAS BENEFICIADAS
A15: PERIODO DE EJECUCIÓN | B15: LAPSO DE EJECUCION (EN MESES) | C15: INICIO | D15: FIN
B16: =(YEAR(D16)-YEAR(C16))*12 + MONTH(D16)-MONTH(C16) -> 4 | C16: =_xlfn.XLOOKUP(A2,'PRTSEN YARACUY (ACTUALIZADO)'!AD1:AD73,'PRTSEN YARACUY (ACTUALIZADO)'!U1:U73,"SIN FECHA",0) -> 3/3/2026 | D16: =_xlfn.XLOOKUP(A2,'PRTSEN YARACUY (ACTUALIZADO)'!AD1:AD73,'PRTSEN YARACUY (ACTUALIZADO)'!V1:V73,"SIN FECHA",0) -> 3/7/2026
A17: MONTO DE INVERSION ($) | B17: =_xlfn.XLOOKUP(A2,'PRTSEN YARACUY (ACTUALIZADO)'!AD1:AD73,'PRTSEN YARACUY (ACTUALIZADO)'!G1:G73,"SIN CALCULOS",0) -> 286743.75 | C17: FUENTE DE FINANCIAMIENTO | E17: 2025 | F17: 2026 | G17: 2027 | H17: 2028 | I17: 2029 | J17: 2030 | K17: 2031
E18: =_xlfn.XLOOKUP($A$2,'PRTSEN YARACUY (ACTUALIZADO)'!$AD$1:$AD$73,'PRTSEN YARACUY (ACTUALIZADO)'!W1:W73,"0",0) -> 0 | F18: =_xlfn.XLOOKUP($A$2,'PRTSEN YARACUY (ACTUALIZADO)'!$AD$1:$AD$73,'PRTSEN YARACUY (ACTUALIZADO)'!X1:X73,"0",0) -> 286743.75 | G18: =_xlfn.XLOOKUP($A$2,'PRTSEN YARACUY (ACTUALIZADO)'!$AD$1:$AD$73,'PRTSEN YARACUY (ACTUALIZADO)'!Y1:Y73,"0",0) -> 0 | H18: =_xlfn.XLOOKUP($A$2,'PRTSEN YARACUY (ACTUALIZADO)'!$AD$1:$AD$73,'PRTSEN YARACUY (ACTUALIZADO)'!Z1:Z73,"0",0) -> 0 | I18: =_xlfn.XLOOKUP($A$2,'PRTSEN YARACUY (ACTUALIZADO)'!$AD$1:$AD$73,'PRTSEN YARACUY (ACTUALIZADO)'!AA1:AA73,"0",0) -> 0 | J18: =_xlfn.XLOOKUP($A$2,'PRTSEN YARACUY (ACTUALIZADO)'!$AD$1:$AD$73,'PRTSEN YARACUY (ACTUALIZADO)'!AB1:AB73,"0",0) -> 0 | K18: =_xlfn.XLOOKUP($A$2,'PRTSEN YARACUY (ACTUALIZADO)'!$AD$1:$AD$73,'PRTSEN YARACUY (ACTUALIZADO)'!AC1:AC73,"0",0) -> 0
A19: OBSERVACIONES
A20: =IF(_xlfn.XLOOKUP(A2,'PRTSEN YARACUY (ACTUALIZADO)'!AD1:AD73,'PRTSEN YARACUY (ACTUALIZADO)'!AF1:AF73,"",0)=0,"",_xlfn.XLOOKUP(A2,'PRTSEN YARACUY (ACTUALIZADO)'!AD1:AD73,'PRTSEN YARACUY (ACTUALIZADO)'!AF1:AF73,"",0))

Sheet PRT-YARACUY-13
A1: PRT-ESTADO-NNN
A2: PRT-YARACUY-13
A3: ESTADO | B3: MUNICIPIO | C3: DIRECCION | E3: SITUACION ACTUAL DEL PROYECTO | F3: FASE DEL PROYECTO | G3: TIPO DE INSTALACIÓN | H3: NOMBRE DE LA INSTALACIÓN | I3: NIVEL DE TENSIÓN | J3: UNIDAD DE MEDIDA ( MVA, MW, km) | K3: CAPACIDAD KM o MVAR
A4: =_xlfn.XLOOKUP(A2,'PRTSEN YARACUY (ACTUALIZADO)'!AD1:AD73,'PRTSEN YARACUY (ACTUALIZADO)'!P1:P73,"NO EXISTE",0) -> YARACUY | B4: =_xlfn.XLOOKUP(A2,'PRTSEN YARACUY (ACTUALIZADO)'!AD1:AD73,'PRTSEN YARACUY (ACTUALIZADO)'!Q1:Q73,"NO EXISTE",0) -> SAN FELIPE, INDEPENDENCIA | C4: =_xlfn.XLOOKUP(A2,'PRTSEN YARACUY (ACTUALIZADO)'!AD1:AD73,'PRTSEN YARACUY (ACTUALIZADO)'!R1:R73,"NO EXISTE",0) -> SAN FELIPE | E4: =_xlfn.XLOOKUP(A2,'PRTSEN YARACUY (ACTUALIZADO)'!AD1:AD73,'PRTSEN YARACUY (ACTUALIZADO)'!E1:E73,"NO EXISTE",0) -> PENDIENTE | F4: =_xlfn.XLOOKUP(A2,'PRTSEN YARACUY (ACTUALIZADO)'!AD1:AD73,'PRTSEN YARACUY (ACTUALIZADO)'!I1:I73,"NO EXISTE",0) -> INGENIERIA CONCEPTUAL | G4: =_xlfn.XLOOKUP(A2,'PRTSEN YARACUY (ACTUALIZADO)'!AD1:AD73,'PRTSEN YARACUY (ACTUALIZADO)'!K1:K73,"NO EXISTE",0) -> CIRCUITO | H4: =_xlfn.XLOOKUP(A2,'PRTSEN YARACUY (ACTUALIZADO)'!AD1:AD73,'PRTSEN YARACUY (ACTUALIZADO)'!L1:L73,"NO EXISTE",0) -> INDEPENDENCIA | I4: =_xlfn.XLOOKUP(A2,'PRTSEN YARACUY (ACTUALIZADO)'!AD1:AD73,'PRTSEN YARACUY (ACTUALIZADO)'!M1:M73,"NO EXISTE",0) -> 12,47 KV | J4: =_xlfn.XLOOKUP(A2,'PRTSEN YARACUY (ACTUALIZADO)'!AD1:AD73,'PRTSEN YARACUY (ACTUALIZADO)'!N1:N73,"NO EXISTE",0) -> KM | K4: =_xlfn.XLOOKUP(A2,'PRTSEN YARACUY (ACTUALIZADO)'!AD1:AD73,'PRTSEN YARACUY (ACTUALIZADO)'!O1:O73,"NO EXISTE",0) -> 5.5
A5: NOMBRE DEL PROYECTO | E5: FOTOGRAFIA
A6: =_xlfn.XLOOKUP(A2,'PRTSEN YARACUY (ACTUALIZADO)'!AD1:AD73,'PRTSEN YARACUY (ACTUALIZADO)'!B1:B73,"NO EXISTE",0) -> ADECUACIÓN CAMBIO DE CALIBRE CTO. ARACOI
A7: DESCRIPCION DEL PROYECTO
A8: =_xlfn.XLOOKUP(A2,'PRTSEN YARACUY (ACTUALIZADO)'!AD1:AD73,'PRTSEN YARACUY (ACTUALIZADO)'!C1:C73,"NO EXISTE",0) -> CAMBIO DE CALIBRE 4/0 A 366 Y EXTENSIÓN CTO. ARACOI, S/E INDEPENDENCIA
A9: ALCANCE DEL PROYECTO
A10: =_xlfn.XLOOKUP(A2,'PRTSEN YARACUY (ACTUALIZADO)'!AD1:AD73,'PRTSEN YARACUY (ACTUALIZADO)'!D1:D73,"NO EXISTE",0) -> CAMBIO DE CALIBRE Y EXTENSIÓN CIRCUITO ARACAOI CONDUCTOR AL 4/0 A 366 MCM. S/E INDEPENDENCIA,
A11: IMPACTO PARA EL SEN
A12: =_xlfn.XLOOKUP(A2,'PRTSEN YARACUY (ACTUALIZADO)'!AD1:AD73,'PRTSEN YARACUY (ACTUALIZADO)'!F1:F73,"NO EXISTE",0) -> EL PROYECTO DE ADECUACIÓN DE LÍNEAS DE MEDIA TENSIÓN OPTIMIZA LA INFRAESTRUCTURA ELÉCTRICA MEDIANTE LA MODERNIZACIÓN DE CONDUCTORES, ESTRUCTURAS Y AISLADORES, MEJORANDO LA CAPACIDAD DE CARGA Y REDUCIENDO PÉRDIDAS POR EFECTO JOULE. SU IMPACTO SE TRADUCE EN *MAYOR EFICIENCIA ENERGÉTICA, REDUCCIÓN DE FALLAS Y AUMENTO DE LA CONFIABILIDAD DEL SISTEMA*, BENEFICIANDO TANTO A USUARIOS INDUSTRIALES COMO RESIDENCIALES, AL GARANTIZAR UNA DISTRIBUCIÓN ESTABLE Y SEGURA DE LA ENERGÍA. ADEMÁS, DISMINUYE COSTOS DE MANTENIMIENTO Y CONTRIBUYE A LA SOSTENIBILIDAD DEL SERVICIO ELÉCTRICO.
A13: NÙMERO DE FAMILIAS BENEFICIADAS
A15: PERIODO DE EJECUCIÓN | B15: LAPSO DE EJECUCION (EN MESES) | C15: INICIO | D15: FIN
B16: =(YEAR(D16)-YEAR(C16))*12 + MONTH(D16)-MONTH(C16) -> 2 | C16: =_xlfn.XLOOKUP(A2,'PRTSEN YARACUY (ACTUALIZADO)'!AD1:AD73,'PRTSEN YARACUY (ACTUALIZADO)'!U1:U73,"SIN FECHA",0) -> 3/3/2026 | D16: =_xlfn.XLOOKUP(A2,'PRTSEN YARACUY (ACTUALIZADO)'!AD1:AD73,'PRTSEN YARACUY (ACTUALIZADO)'!V1:V73,"SIN FECHA",0) -> 3/5/2026
A17: MONTO DE INVERSION ($) | B17: =_xlfn.XLOOKUP(A2,'PRTSEN YARACUY (ACTUALIZADO)'!AD1:AD73,'PRTSEN YARACUY (ACTUALIZADO)'!G1:G73,"SIN CALCULOS",0) -> 286743.75 | C17: FUENTE DE FINANCIAMIENTO | E17: 2025 | F17: 2026 | G17: 2027 | H17: 2028 | I17: 2029 | J17: 2030 | K17: 2031
E18: =_xlfn.XLOOKUP($A$2,'PRTSEN YARACUY (ACTUALIZADO)'!$AD$1:$AD$73,'PRTSEN YARACUY (ACTUALIZADO)'!W1:W73,"0",0) -> 0 | F18: =_xlfn.XLOOKUP($A$2,'PRTSEN YARACUY (ACTUALIZADO)'!$AD$1:$AD$73,'PRTSEN YARACUY (ACTUALIZADO)'!X1:X73,"0",0) -> 286743.75 | G18: =_xlfn.XLOOKUP($A$2,'PRTSEN YARACUY (ACTUALIZADO)'!$AD$1:$AD$73,'PRTSEN YARACUY (ACTUALIZADO)'!Y1:Y73,"0",0) -> 0 | H18: =_xlfn.XLOOKUP($A$2,'PRTSEN YARACUY (ACTUALIZADO)'!$AD$1:$AD$73,'PRTSEN YARACUY (ACTUALIZADO)'!Z1:Z73,"0",0) -> 0 | I18: =_xlfn.XLOOKUP($A$2,'PRTSEN YARACUY (ACTUALIZADO)'!$AD$1:$AD$73,'PRTSEN YARACUY (ACTUALIZADO)'!AA1:AA73,"0",0) -> 0 | J18: =_xlfn.XLOOKUP($A$2,'PRTSEN YARACUY (ACTUALIZADO)'!$AD$1:$AD$73,'PRTSEN YARACUY (ACTUALIZADO)'!AB1:AB73,"0",0) -> 0 | K18: =_xlfn.XLOOKUP($A$2,'PRTSEN YARACUY (ACTUALIZADO)'!$AD$1:$AD$73,'PRTSEN YARACUY (ACTUALIZADO)'!AC1:AC73,"0",0) -> 0
A19: OBSERVACIONES
A20: =IF(_xlfn.XLOOKUP(A2,'PRTSEN YARACUY (ACTUALIZADO)'!AD1:AD73,'PRTSEN YARACUY (ACTUALIZADO)'!AF1:AF73,"",0)=0,"",_xlfn.XLOOKUP(A2,'PRTSEN YARACUY (ACTUALIZADO)'!AD1:AD73,'PRTSEN YARACUY (ACTUALIZADO)'!AF1:AF73,"",0))

Sheet PRT-YARACUY-14
A1: PRT-ESTADO-NNN
A2: PRT-YARACUY-14
A3: ESTADO | B3: MUNICIPIO | C3: DIRECCION | E3: SITUACION ACTUAL DEL PROYECTO | F3: FASE DEL PROYECTO | G3: TIPO DE INSTALACIÓN | H3: NOMBRE DE LA INSTALACIÓN | I3: NIVEL DE TENSIÓN | J3: UNIDAD DE MEDIDA ( MVA, MW, km) | K3: CAPACIDAD KM o MVAR
A4: =_xlfn.XLOOKUP(A2,'PRTSEN YARACUY (ACTUALIZADO)'!AD1:AD73,'PRTSEN YARACUY (ACTUALIZADO)'!P1:P73,"NO EXISTE",0) -> YARACUY | B4: =_xlfn.XLOOKUP(A2,'PRTSEN YARACUY (ACTUALIZADO)'!AD1:AD73,'PRTSEN YARACUY (ACTUALIZADO)'!Q1:Q73,"NO EXISTE",0) -> SAN FELIPE, INDEPENDENCIA | C4: =_xlfn.XLOOKUP(A2,'PRTSEN YARACUY (ACTUALIZADO)'!AD1:AD73,'PRTSEN YARACUY (ACTUALIZADO)'!R1:R73,"NO EXISTE",0) -> SAN FELIPE | E4: =_xlfn.XLOOKUP(A2,'PRTSEN YARACUY (ACTUALIZADO)'!AD1:AD73,'PRTSEN YARACUY (ACTUALIZADO)'!E1:E73,"NO EXISTE",0) -> PENDIENTE | F4: =_xlfn.XLOOKUP(A2,'PRTSEN YARACUY (ACTUALIZADO)'!AD1:AD73,'PRTSEN YARACUY (ACTUALIZADO)'!I1:I73,"NO EXISTE",0) -> INGENIERIA CONCEPTUAL | G4: =_xlfn.XLOOKUP(A2,'PRTSEN YARACUY (ACTUALIZADO)'!AD1:AD73,'PRTSEN YARACUY (ACTUALIZADO)'!K1:K73,"NO EXISTE",0) -> CIRCUITO | H4: =_xlfn.XLOOKUP(A2,'PRTSEN YARACUY (ACTUALIZADO)'!AD1:AD73,'PRTSEN YARACUY (ACTUALIZADO)'!L1:L73,"NO EXISTE",0) -> INDEPENDENCIA | I4: =_xlfn.XLOOKUP(A2,'PRTSEN YARACUY (ACTUALIZADO)'!AD1:AD73,'PRTSEN YARACUY (ACTUALIZADO)'!M1:M73,"NO EXISTE",0) -> 12,47 KV | J4: =_xlfn.XLOOKUP(A2,'PRTSEN YARACUY (ACTUALIZADO)'!AD1:AD73,'PRTSEN YARACUY (ACTUALIZADO)'!N1:N73,"NO EXISTE",0) -> KM | K4: =_xlfn.XLOOKUP(A2,'PRTSEN YARACUY (ACTUALIZADO)'!AD1:AD73,'PRTSEN YARACUY (ACTUALIZADO)'!O1:O73,"NO EXISTE",0) -> 4.5
A5: NOMBRE DEL PROYECTO | E5: FOTOGRAFIA
A6: =_xlfn.XLOOKUP(A2,'PRTSEN YARACUY (ACTUALIZADO)'!AD1:AD73,'PRTSEN YARACUY (ACTUALIZADO)'!B1:B73,"NO EXISTE",0) -> ADECUACIÓN CAMBIO DE CALIBRE CTO. SAN RAFAEL
A7: DESCRIPCION DEL PROYECTO
A8: =_xlfn.XLOOKUP(A2,'PRTSEN YARACUY (ACTUALIZADO)'!AD1:AD73,'PRTSEN YARACUY (ACTUALIZADO)'!C1:C73,"NO EXISTE",0) -> CAMBIO DE CALIBRE 4/0 A 366 Y EXTENSIÓN CTO. SAN RAFAEL. S/E INDEPENDENCIA
A9: ALCANCE DEL PROYECTO
A10: =_xlfn.XLOOKUP(A2,'PRTSEN YARACUY (ACTUALIZADO)'!AD1:AD73,'PRTSEN YARACUY (ACTUALIZADO)'!D1:D73,"NO EXISTE",0) -> CAMBIO DE CALIBRE Y EXTENSIÓN CIRCUITO SAN RAFAEL CONDUCTOR AL 4/0 A 366 MCM. S/E INDEPENDENCIA.
A11: IMPACTO PARA EL SEN
A12: =_xlfn.XLOOKUP(A2,'PRTSEN YARACUY (ACTUALIZADO)'!AD1:AD73,'PRTSEN YARACUY (ACTUALIZADO)'!F1:F73,"NO EXISTE",0) -> EL PROYECTO DE ADECUACIÓN DE LÍNEAS DE MEDIA TENSIÓN OPTIMIZA LA INFRAESTRUCTURA ELÉCTRICA MEDIANTE LA MODERNIZACIÓN DE CONDUCTORES, ESTRUCTURAS Y AISLADORES, MEJORANDO LA CAPACIDAD DE CARGA Y REDUCIENDO PÉRDIDAS POR EFECTO JOULE. SU IMPACTO SE TRADUCE EN *MAYOR EFICIENCIA ENERGÉTICA, REDUCCIÓN DE FALLAS Y AUMENTO DE LA CONFIABILIDAD DEL SISTEMA*, BENEFICIANDO TANTO A USUARIOS INDUSTRIALES COMO RESIDENCIALES, AL GARANTIZAR UNA DISTRIBUCIÓN ESTABLE Y SEGURA DE LA ENERGÍA. ADEMÁS, DISMINUYE COSTOS DE MANTENIMIENTO Y CONTRIBUYE A LA SOSTENIBILIDAD DEL SERVICIO ELÉCTRICO.
A13: NÙMERO DE FAMILIAS BENEFICIADAS
A15: PERIODO DE EJECUCIÓN | B15: LAPSO DE EJECUCION (EN MESES) | C15: INICIO | D15: FIN
B16: =(YEAR(D16)-YEAR(C16))*12 + MONTH(D16)-MONTH(C16) -> 2 | C16: =_xlfn.XLOOKUP(A2,'PRTSEN YARACUY (ACTUALIZADO)'!AD1:AD73,'PRTSEN YARACUY (ACTUALIZADO)'!U1:U73,"SIN FECHA",0) -> 3/3/2026 | D16: =_xlfn.XLOOKUP(A2,'PRTSEN YARACUY (ACTUALIZADO)'!AD1:AD73,'PRTSEN YARACUY (ACTUALIZADO)'!V1:V73,"SIN FECHA",0) -> 3/5/2026
A17: MONTO DE INVERSION ($) | B17: =_xlfn.XLOOKUP(A2,'PRTSEN YARACUY (ACTUALIZADO)'!AD1:AD73,'PRTSEN YARACUY (ACTUALIZADO)'!G1:G73,"SIN CALCULOS",0) -> 286743.75 | C17: FUENTE DE FINANCIAMIENTO | E17: 2025 | F17: 2026 | G17: 2027 | H17: 2028 | I17: 2029 | J17: 2030 | K17: 2031
E18: =_xlfn.XLOOKUP($A$2,'PRTSEN YARACUY (ACTUALIZADO)'!$AD$1:$AD$73,'PRTSEN YARACUY (ACTUALIZADO)'!W1:W73,"0",0) -> 0 | F18: =_xlfn.XLOOKUP($A$2,'PRTSEN YARACUY (ACTUALIZADO)'!$AD$1:$AD$73,'PRTSEN YARACUY (ACTUALIZADO)'!X1:X73,"0",0) -> 286743.75 | G18: =_xlfn.XLOOKUP($A$2,'PRTSEN YARACUY (ACTUALIZADO)'!$AD$1:$AD$73,'PRTSEN YARACUY (ACTUALIZADO)'!Y1:Y73,"0",0) -> 0 | H18: =_xlfn.XLOOKUP($A$2,'PRTSEN YARACUY (ACTUALIZADO)'!$AD$1:$AD$73,'PRTSEN YARACUY (ACTUALIZADO)'!Z1:Z73,"0",0) -> 0 | I18: =_xlfn.XLOOKUP($A$2,'PRTSEN YARACUY (ACTUALIZADO)'!$AD$1:$AD$73,'PRTSEN YARACUY (ACTUALIZADO)'!AA1:AA73,"0",0) -> 0 | J18: =_xlfn.XLOOKUP($A$2,'PRTSEN YARACUY (ACTUALIZADO)'!$AD$1:$AD$73,'PRTSEN YARACUY (ACTUALIZADO)'!AB1:AB73,"0",0) -> 0 | K18: =_xlfn.XLOOKUP($A$2,'PRTSEN YARACUY (ACTUALIZADO)'!$AD$1:$AD$73,'PRTSEN YARACUY (ACTUALIZADO)'!AC1:AC73,"0",0) -> 0
A19: OBSERVACIONES
A20: =IF(_xlfn.XLOOKUP(A2,'PRTSEN YARACUY (ACTUALIZADO)'!AD1:AD73,'PRTSEN YARACUY (ACTUALIZADO)'!AF1:AF73,"",0)=0,"",_xlfn.XLOOKUP(A2,'PRTSEN YARACUY (ACTUALIZADO)'!AD1:AD73,'PRTSEN YARACUY (ACTUALIZADO)'!AF1:AF73,"",0))

Sheet PRT-YARACUY-15
A1: PRT-ESTADO-NNN
A2: PRT-YARACUY-15
A3: ESTADO | B3: MUNICIPIO | C3: DIRECCION | E3: SITUACION ACTUAL DEL PROYECTO | F3: FASE DEL PROYECTO | G3: TIPO DE INSTALACIÓN | H3: NOMBRE DE LA INSTALACIÓN | I3: NIVEL DE TENSIÓN | J3: UNIDAD DE MEDIDA ( MVA, MW, km) | K3: CAPACIDAD KM o MVAR
A4: =_xlfn.XLOOKUP(A2,'PRTSEN YARACUY (ACTUALIZADO)'!AD1:AD73,'PRTSEN YARACUY (ACTUALIZADO)'!P1:P73,"NO EXISTE",0) -> YARACUY | B4: =_xlfn.XLOOKUP(A2,'PRTSEN YARACUY (ACTUALIZADO)'!AD1:AD73,'PRTSEN YARACUY (ACTUALIZADO)'!Q1:Q73,"NO EXISTE",0) -> MANUEL MONGE | C4: =_xlfn.XLOOKUP(A2,'PRTSEN YARACUY (ACTUALIZADO)'!AD1:AD73,'PRTSEN YARACUY (ACTUALIZADO)'!R1:R73,"NO EXISTE",0) -> YUMARE | E4: =_xlfn.XLOOKUP(A2,'PRTSEN YARACUY (ACTUALIZADO)'!AD1:AD73,'PRTSEN YARACUY (ACTUALIZADO)'!E1:E73,"NO EXISTE",0) -> PENDIENTE | F4: =_xlfn.XLOOKUP(A2,'PRTSEN YARACUY (ACTUALIZADO)'!AD1:AD73,'PRTSEN YARACUY (ACTUALIZADO)'!I1:I73,"NO EXISTE",0) -> INGENIERIA CONCEPTUAL | G4: =_xlfn.XLOOKUP(A2,'PRTSEN YARACUY (ACTUALIZADO)'!AD1:AD73,'PRTSEN YARACUY (ACTUALIZADO)'!K1:K73,"NO EXISTE",0) -> CIRCUITO | H4: =_xlfn.XLOOKUP(A2,'PRTSEN YARACUY (ACTUALIZADO)'!AD1:AD73,'PRTSEN YARACUY (ACTUALIZADO)'!L1:L73,"NO EXISTE",0) -> PALMA SOLA | I4: =_xlfn.XLOOKUP(A2,'PRTSEN YARACUY (ACTUALIZADO)'!AD1:AD73,'PRTSEN YARACUY (ACTUALIZADO)'!M1:M73,"NO EXISTE",0) -> 13,8 KV | J4: =_xlfn.XLOOKUP(A2,'PRTSEN YARACUY (ACTUALIZADO)'!AD1:AD73,'PRTSEN YARACUY (ACTUALIZADO)'!N1:N73,"NO EXISTE",0) -> KM | K4: =_xlfn.XLOOKUP(A2,'PRTSEN YARACUY (ACTUALIZADO)'!AD1:AD73,'PRTSEN YARACUY (ACTUALIZADO)'!O1:O73,"NO EXISTE",0) -> 7
A5: NOMBRE DEL PROYECTO | E5: FOTOGRAFIA
A6: =_xlfn.XLOOKUP(A2,'PRTSEN YARACUY (ACTUALIZADO)'!AD1:AD73,'PRTSEN YARACUY (ACTUALIZADO)'!B1:B73,"NO EXISTE",0) -> ADECUACIÓN CAMBIO DE CALIBRE CTO. YUMARE EXPRESS
A7: DESCRIPCION DEL PROYECTO
A8: =_xlfn.XLOOKUP(A2,'PRTSEN YARACUY (ACTUALIZADO)'!AD1:AD73,'PRTSEN YARACUY (ACTUALIZADO)'!C1:C73,"NO EXISTE",0) -> CAMBIO DE CALIBRE A 4/0 AL Y REUBICACIÓN CIRCUITO YUMARE EXPRESO. S/E PALMASOLA
A9: ALCANCE DEL PROYECTO
A10: =_xlfn.XLOOKUP(A2,'PRTSEN YARACUY (ACTUALIZADO)'!AD1:AD73,'PRTSEN YARACUY (ACTUALIZADO)'!D1:D73,"NO EXISTE",0) -> CAMBIO DE CALIBRE Y REUBICACIÓN CIRCUITO YUMARE EXPRESO 13,8 KV DE 7 KM DE CONDUCTOR Y HERRAJE DESDE EL CASERÍO LA CERO HASTA EL CASERÍO LA 13 INTERCONEXIÓN CIRCUITO YUMARE EXPRESO CON CIRCUITO CARABOBO (AL 4/0) Y CAMBIO 5 KM TRAMO TO5 – KM 41. S/E PALMASOLA
A11: IMPACTO PARA EL SEN
A12: =_xlfn.XLOOKUP(A2,'PRTSEN YARACUY (ACTUALIZADO)'!AD1:AD73,'PRTSEN YARACUY (ACTUALIZADO)'!F1:F73,"NO EXISTE",0) -> EL PROYECTO DE ADECUACIÓN DE LÍNEAS DE MEDIA TENSIÓN OPTIMIZA LA INFRAESTRUCTURA ELÉCTRICA MEDIANTE LA MODERNIZACIÓN DE CONDUCTORES, ESTRUCTURAS Y AISLADORES, MEJORANDO LA CAPACIDAD DE CARGA Y REDUCIENDO PÉRDIDAS POR EFECTO JOULE. SU IMPACTO SE TRADUCE EN *MAYOR EFICIENCIA ENERGÉTICA, REDUCCIÓN DE FALLAS Y AUMENTO DE LA CONFIABILIDAD DEL SISTEMA*, BENEFICIANDO TANTO A USUARIOS INDUSTRIALES COMO RESIDENCIALES, AL GARANTIZAR UNA DISTRIBUCIÓN ESTABLE Y SEGURA DE LA ENERGÍA. ADEMÁS, DISMINUYE COSTOS DE MANTENIMIENTO Y CONTRIBUYE A LA SOSTENIBILIDAD DEL SERVICIO ELÉCTRICO.
A13: NÙMERO DE FAMILIAS BENEFICIADAS
A15: PERIODO DE EJECUCIÓN | B15: LAPSO DE EJECUCION (EN MESES) | C15: INICIO | D15: FIN
B16: =(YEAR(D16)-YEAR(C16))*12 + MONTH(D16)-MONTH(C16) -> 2 | C16: =_xlfn.XLOOKUP(A2,'PRTSEN YARACUY (ACTUALIZADO)'!AD1:AD73,'PRTSEN YARACUY (ACTUALIZADO)'!U1:U73,"SIN FECHA",0) -> 3/3/2026 | D16: =_xlfn.XLOOKUP(A2,'PRTSEN YARACUY (ACTUALIZADO)'!AD1:AD73,'PRTSEN YARACUY (ACTUALIZADO)'!V1:V73,"SIN FECHA",0) -> 3/5/2026
A17: MONTO DE INVERSION ($) | B17: =_xlfn.XLOOKUP(A2,'PRTSEN YARACUY (ACTUALIZADO)'!AD1:AD73,'PRTSEN YARACUY (ACTUALIZADO)'!G1:G73,"SIN CALCULOS",0) -> 286743.75 | C17: FUENTE DE FINANCIAMIENTO | E17: 2025 | F17: 2026 | G17: 2027 | H17: 2028 | I17: 2029 | J17: 2030 | K17: 2031
E18: =_xlfn.XLOOKUP($A$2,'PRTSEN YARACUY (ACTUALIZADO)'!$AD$1:$AD$73,'PRTSEN YARACUY (ACTUALIZADO)'!W1:W73,"0",0) -> 0 | F18: =_xlfn.XLOOKUP($A$2,'PRTSEN YARACUY (ACTUALIZADO)'!$AD$1:$AD$73,'PRTSEN YARACUY (ACTUALIZADO)'!X1:X73,"0",0) -> 286743.75 | G18: =_xlfn.XLOOKUP($A$2,'PRTSEN YARACUY (ACTUALIZADO)'!$AD$1:$AD$73,'PRTSEN YARACUY (ACTUALIZADO)'!Y1:Y73,"0",0) -> 0 | H18: =_xlfn.XLOOKUP($A$2,'PRTSEN YARACUY (ACTUALIZADO)'!$AD$1:$AD$73,'PRTSEN YARACUY (ACTUALIZADO)'!Z1:Z73,"0",0) -> 0 | I18: =_xlfn.XLOOKUP($A$2,'PRTSEN YARACUY (ACTUALIZADO)'!$AD$1:$AD$73,'PRTSEN YARACUY (ACTUALIZADO)'!AA1:AA73,"0",0) -> 0 | J18: =_xlfn.XLOOKUP($A$2,'PRTSEN YARACUY (ACTUALIZADO)'!$AD$1:$AD$73,'PRTSEN YARACUY (ACTUALIZADO)'!AB1:AB73,"0",0) -> 0 | K18: =_xlfn.XLOOKUP($A$2,'PRTSEN YARACUY (ACTUALIZADO)'!$AD$1:$AD$73,'PRTSEN YARACUY (ACTUALIZADO)'!AC1:AC73,"0",0) -> 0
A19: OBSERVACIONES
A20: =IF(_xlfn.XLOOKUP(A2,'PRTSEN YARACUY (ACTUALIZADO)'!AD1:AD73,'PRTSEN YARACUY (ACTUALIZADO)'!AF1:AF73,"",0)=0,"",_xlfn.XLOOKUP(A2,'PRTSEN YARACUY (ACTUALIZADO)'!AD1:AD73,'PRTSEN YARACUY (ACTUALIZADO)'!AF1:AF73,"",0))

Sheet PRT-YARACUY-16
A1: PRT-ESTADO-NNN
A2: PRT-YARACUY-16
A3: ESTADO | B3: MUNICIPIO | C3: DIRECCION | E3: SITUACION ACTUAL DEL PROYECTO | F3: FASE DEL PROYECTO | G3: TIPO DE INSTALACIÓN | H3: NOMBRE DE LA INSTALACIÓN | I3: NIVEL DE TENSIÓN | J3: UNIDAD DE MEDIDA ( MVA, MW, km) | K3: CAPACIDAD KM o MVAR
A4: =_xlfn.XLOOKUP(A2,'PRTSEN YARACUY (ACTUALIZADO)'!AD1:AD73,'PRTSEN YARACUY (ACTUALIZADO)'!P1:P73,"NO EXISTE",0) -> YARACUY | B4: =_xlfn.XLOOKUP(A2,'PRTSEN YARACUY (ACTUALIZADO)'!AD1:AD73,'PRTSEN YARACUY (ACTUALIZADO)'!Q1:Q73,"NO EXISTE",0) -> BRUZUAL | C4: =_xlfn.XLOOKUP(A2,'PRTSEN YARACUY (ACTUALIZADO)'!AD1:AD73,'PRTSEN YARACUY (ACTUALIZADO)'!R1:R73,"NO EXISTE",0) -> CHIVACOA | E4: =_xlfn.XLOOKUP(A2,'PRTSEN YARACUY (ACTUALIZADO)'!AD1:AD73,'PRTSEN YARACUY (ACTUALIZADO)'!E1:E73,"NO EXISTE",0) -> PENDIENTE | F4: =_xlfn.XLOOKUP(A2,'PRTSEN YARACUY (ACTUALIZADO)'!AD1:AD73,'PRTSEN YARACUY (ACTUALIZADO)'!I1:I73,"NO EXISTE",0) -> INGENIERIA CONCEPTUAL | G4: =_xlfn.XLOOKUP(A2,'PRTSEN YARACUY (ACTUALIZADO)'!AD1:AD73,'PRTSEN YARACUY (ACTUALIZADO)'!K1:K73,"NO EXISTE",0) -> CIRCUITO | H4: =_xlfn.XLOOKUP(A2,'PRTSEN YARACUY (ACTUALIZADO)'!AD1:AD73,'PRTSEN YARACUY (ACTUALIZADO)'!L1:L73,"NO EXISTE",0) -> CHIVACOA | I4: =_xlfn.XLOOKUP(A2,'PRTSEN YARACUY (ACTUALIZADO)'!AD1:AD73,'PRTSEN YARACUY (ACTUALIZADO)'!M1:M73,"NO EXISTE",0) -> 13,8 KV | J4: =_xlfn.XLOOKUP(A2,'PRTSEN YARACUY (ACTUALIZADO)'!AD1:AD73,'PRTSEN YARACUY (ACTUALIZADO)'!N1:N73,"NO EXISTE",0) -> KM | K4: =_xlfn.XLOOKUP(A2,'PRTSEN YARACUY (ACTUALIZADO)'!AD1:AD73,'PRTSEN YARACUY (ACTUALIZADO)'!O1:O73,"NO EXISTE",0) -> 5.5
A5: NOMBRE DEL PROYECTO | E5: FOTOGRAFIA
A6: =_xlfn.XLOOKUP(A2,'PRTSEN YARACUY (ACTUALIZADO)'!AD1:AD73,'PRTSEN YARACUY (ACTUALIZADO)'!B1:B73,"NO EXISTE",0) -> ADECUACIÓN CAMBIO DE CALIBRE CTO. CAMPO ELÍAS
A7: DESCRIPCION DEL PROYECTO
A8: =_xlfn.XLOOKUP(A2,'PRTSEN YARACUY (ACTUALIZADO)'!AD1:AD73,'PRTSEN YARACUY (ACTUALIZADO)'!C1:C73,"NO EXISTE",0) -> CAMBIO DE CALIBRE CIRCUITO CAMPO ELÍAS. S/E CHIVACOA
A9: ALCANCE DEL PROYECTO
A10: =_xlfn.XLOOKUP(A2,'PRTSEN YARACUY (ACTUALIZADO)'!AD1:AD73,'PRTSEN YARACUY (ACTUALIZADO)'!D1:D73,"NO EXISTE",0) -> CAMBIO DE CALIBRE CIRCUITO CAMPO ELÍAS EN 13,8 KV A CONDUCTOR 336 MCM. S/E CHIVACOA. 5,5 KM
A11: IMPACTO PARA EL SEN
A12: =_xlfn.XLOOKUP(A2,'PRTSEN YARACUY (ACTUALIZADO)'!AD1:AD73,'PRTSEN YARACUY (ACTUALIZADO)'!F1:F73,"NO EXISTE",0) -> EL PROYECTO DE ADECUACIÓN DE LÍNEAS DE MEDIA TENSIÓN OPTIMIZA LA INFRAESTRUCTURA ELÉCTRICA MEDIANTE LA MODERNIZACIÓN DE CONDUCTORES, ESTRUCTURAS Y AISLADORES, MEJORANDO LA CAPACIDAD DE CARGA Y REDUCIENDO PÉRDIDAS POR EFECTO JOULE. SU IMPACTO SE TRADUCE EN *MAYOR EFICIENCIA ENERGÉTICA, REDUCCIÓN DE FALLAS Y AUMENTO DE LA CONFIABILIDAD DEL SISTEMA*, BENEFICIANDO TANTO A USUARIOS INDUSTRIALES COMO RESIDENCIALES, AL GARANTIZAR UNA DISTRIBUCIÓN ESTABLE Y SEGURA DE LA ENERGÍA. ADEMÁS, DISMINUYE COSTOS DE MANTENIMIENTO Y CONTRIBUYE A LA SOSTENIBILIDAD DEL SERVICIO ELÉCTRICO.
A13: NÙMERO DE FAMILIAS BENEFICIADAS
A15: PERIODO DE EJECUCIÓN | B15: LAPSO DE EJECUCION (EN MESES) | C15: INICIO | D15: FIN
B16: =(YEAR(D16)-YEAR(C16))*12 + MONTH(D16)-MONTH(C16) -> 2 | C16: =_xlfn.XLOOKUP(A2,'PRTSEN YARACUY (ACTUALIZADO)'!AD1:AD73,'PRTSEN YARACUY (ACTUALIZADO)'!U1:U73,"SIN FECHA",0) -> 3/3/2026 | D16: =_xlfn.XLOOKUP(A2,'PRTSEN YARACUY (ACTUALIZADO)'!AD1:AD73,'PRTSEN YARACUY (ACTUALIZADO)'!V1:V73,"SIN FECHA",0) -> 3/5/2026
A17: MONTO DE INVERSION ($) | B17: =_xlfn.XLOOKUP(A2,'PRTSEN YARACUY (ACTUALIZADO)'!AD1:AD73,'PRTSEN YARACUY (ACTUALIZADO)'!G1:G73,"SIN CALCULOS",0) -> 286743.75 | C17: FUENTE DE FINANCIAMIENTO | E17: 2025 | F17: 2026 | G17: 2027 | H17: 2028 | I17: 2029 | J17: 2030 | K17: 2031
E18: =_xlfn.XLOOKUP($A$2,'PRTSEN YARACUY (ACTUALIZADO)'!$AD$1:$AD$73,'PRTSEN YARACUY (ACTUALIZADO)'!W1:W73,"0",0) -> 0 | F18: =_xlfn.XLOOKUP($A$2,'PRTSEN YARACUY (ACTUALIZADO)'!$AD$1:$AD$73,'PRTSEN YARACUY (ACTUALIZADO)'!X1:X73,"0",0) -> 286743.75 | G18: =_xlfn.XLOOKUP($A$2,'PRTSEN YARACUY (ACTUALIZADO)'!$AD$1:$AD$73,'PRTSEN YARACUY (ACTUALIZADO)'!Y1:Y73,"0",0) -> 0 | H18: =_xlfn.XLOOKUP($A$2,'PRTSEN YARACUY (ACTUALIZADO)'!$AD$1:$AD$73,'PRTSEN YARACUY (ACTUALIZADO)'!Z1:Z73,"0",0) -> 0 | I18: =_xlfn.XLOOKUP($A$2,'PRTSEN YARACUY (ACTUALIZADO)'!$AD$1:$AD$73,'PRTSEN YARACUY (ACTUALIZADO)'!AA1:AA73,"0",0) -> 0 | J18: =_xlfn.XLOOKUP($A$2,'PRTSEN YARACUY (ACTUALIZADO)'!$AD$1:$AD$73,'PRTSEN YARACUY (ACTUALIZADO)'!AB1:AB73,"0",0) -> 0 | K18: =_xlfn.XLOOKUP($A$2,'PRTSEN YARACUY (ACTUALIZADO)'!$AD$1:$AD$73,'PRTSEN YARACUY (ACTUALIZADO)'!AC1:AC73,"0",0) -> 0
A19: OBSERVACIONES
A20: =IF(_xlfn.XLOOKUP(A2,'PRTSEN YARACUY (ACTUALIZADO)'!AD1:AD73,'PRTSEN YARACUY (ACTUALIZADO)'!AF1:AF73,"",0)=0,"",_xlfn.XLOOKUP(A2,'PRTSEN YARACUY (ACTUALIZADO)'!AD1:AD73,'PRTSEN YARACUY (ACTUALIZADO)'!AF1:AF73,"",0))

Sheet PRT-YARACUY-17
A1: PRT-ESTADO-NNN
A2: PRT-YARACUY-17
A3: ESTADO | B3: MUNICIPIO | C3: DIRECCION | E3: SITUACION ACTUAL DEL PROYECTO | F3: FASE DEL PROYECTO | G3: TIPO DE INSTALACIÓN | H3: NOMBRE DE LA INSTALACIÓN | I3: NIVEL DE TENSIÓN | J3: UNIDAD DE MEDIDA ( MVA, MW, km) | K3: CAPACIDAD KM o MVAR
A4: =_xlfn.XLOOKUP(A2,'PRTSEN YARACUY (ACTUALIZADO)'!AD1:AD73,'PRTSEN YARACUY (ACTUALIZADO)'!P1:P73,"NO EXISTE",0) -> YARACUY | B4: =_xlfn.XLOOKUP(A2,'PRTSEN YARACUY (ACTUALIZADO)'!AD1:AD73,'PRTSEN YARACUY (ACTUALIZADO)'!Q1:Q73,"NO EXISTE",0) -> BRUZUAL | C4: =_xlfn.XLOOKUP(A2,'PRTSEN YARACUY (ACTUALIZADO)'!AD1:AD73,'PRTSEN YARACUY (ACTUALIZADO)'!R1:R73,"NO EXISTE",0) -> CHIVACOA | E4: =_xlfn.XLOOKUP(A2,'PRTSEN YARACUY (ACTUALIZADO)'!AD1:AD73,'PRTSEN YARACUY (ACTUALIZADO)'!E1:E73,"NO EXISTE",0) -> PENDIENTE | F4: =_xlfn.XLOOKUP(A2,'PRTSEN YARACUY (ACTUALIZADO)'!AD1:AD73,'PRTSEN YARACUY (ACTUALIZADO)'!I1:I73,"NO EXISTE",0) -> INGENIERIA CONCEPTUAL | G4: =_xlfn.XLOOKUP(A2,'PRTSEN YARACUY (ACTUALIZADO)'!AD1:AD73,'PRTSEN YARACUY (ACTUALIZADO)'!K1:K73,"NO EXISTE",0) -> CIRCUITO | H4: =_xlfn.XLOOKUP(A2,'PRTSEN YARACUY (ACTUALIZADO)'!AD1:AD73,'PRTSEN YARACUY (ACTUALIZADO)'!L1:L73,"NO EXISTE",0) -> CHIVACOA | I4: =_xlfn.XLOOKUP(A2,'PRTSEN YARACUY (ACTUALIZADO)'!AD1:AD73,'PRTSEN YARACUY (ACTUALIZADO)'!M1:M73,"NO EXISTE",0) -> 13,8 KV | J4: =_xlfn.XLOOKUP(A2,'PRTSEN YARACUY (ACTUALIZADO)'!AD1:AD73,'PRTSEN YARACUY (ACTUALIZADO)'!N1:N73,"NO EXISTE",0) -> KM | K4: =_xlfn.XLOOKUP(A2,'PRTSEN YARACUY (ACTUALIZADO)'!AD1:AD73,'PRTSEN YARACUY (ACTUALIZADO)'!O1:O73,"NO EXISTE",0) -> 3.5
A5: NOMBRE DEL PROYECTO | E5: FOTOGRAFIA
A6: =_xlfn.XLOOKUP(A2,'PRTSEN YARACUY (ACTUALIZADO)'!AD1:AD73,'PRTSEN YARACUY (ACTUALIZADO)'!B1:B73,"NO EXISTE",0) -> ADECUACIÓN CAMBIO DE CALIBRE CTO. PANAMERICANA
A7: DESCRIPCION DEL PROYECTO
A8: =_xlfn.XLOOKUP(A2,'PRTSEN YARACUY (ACTUALIZADO)'!AD1:AD73,'PRTSEN YARACUY (ACTUALIZADO)'!C1:C73,"NO EXISTE",0) -> CAMBIO DE CALIBRE CIRCUITO PANAMERICANA. S/E CHIVACOA
A9: ALCANCE DEL PROYECTO
A10: =_xlfn.XLOOKUP(A2,'PRTSEN YARACUY (ACTUALIZADO)'!AD1:AD73,'PRTSEN YARACUY (ACTUALIZADO)'!D1:D73,"NO EXISTE",0) -> CAMBIO DE CALIBRE CIRCUITO PANAMERICANA EN 13,8 KV A CONDUCTOR AL 4/0. S/E CHIVACOA. 3.5 KM.
A11: IMPACTO PARA EL SEN
A12: =_xlfn.XLOOKUP(A2,'PRTSEN YARACUY (ACTUALIZADO)'!AD1:AD73,'PRTSEN YARACUY (ACTUALIZADO)'!F1:F73,"NO EXISTE",0) -> EL PROYECTO DE ADECUACIÓN DE LÍNEAS DE MEDIA TENSIÓN OPTIMIZA LA INFRAESTRUCTURA ELÉCTRICA MEDIANTE LA MODERNIZACIÓN DE CONDUCTORES, ESTRUCTURAS Y AISLADORES, MEJORANDO LA CAPACIDAD DE CARGA Y REDUCIENDO PÉRDIDAS POR EFECTO JOULE. SU IMPACTO SE TRADUCE EN *MAYOR EFICIENCIA ENERGÉTICA, REDUCCIÓN DE FALLAS Y AUMENTO DE LA CONFIABILIDAD DEL SISTEMA*, BENEFICIANDO TANTO A USUARIOS INDUSTRIALES COMO RESIDENCIALES, AL GARANTIZAR UNA DISTRIBUCIÓN ESTABLE Y SEGURA DE LA ENERGÍA. ADEMÁS, DISMINUYE COSTOS DE MANTENIMIENTO Y CONTRIBUYE A LA SOSTENIBILIDAD DEL SERVICIO ELÉCTRICO.
A13: NÙMERO DE FAMILIAS BENEFICIADAS
A15: PERIODO DE EJECUCIÓN | B15: LAPSO DE EJECUCION (EN MESES) | C15: INICIO | D15: FIN
B16: =(YEAR(D16)-YEAR(C16))*12 + MONTH(D16)-MONTH(C16) -> 2 | C16: =_xlfn.XLOOKUP(A2,'PRTSEN YARACUY (ACTUALIZADO)'!AD1:AD73,'PRTSEN YARACUY (ACTUALIZADO)'!U1:U73,"SIN FECHA",0) -> 3/3/2026 | D16: =_xlfn.XLOOKUP(A2,'PRTSEN YARACUY (ACTUALIZADO)'!AD1:AD73,'PRTSEN YARACUY (ACTUALIZADO)'!V1:V73,"SIN FECHA",0) -> 3/5/2026
A17: MONTO DE INVERSION ($) | B17: =_xlfn.XLOOKUP(A2,'PRTSEN YARACUY (ACTUALIZADO)'!AD1:AD73,'PRTSEN YARACUY (ACTUALIZADO)'!G1:G73,"SIN CALCULOS",0) -> 286743.75 | C17: FUENTE DE FINANCIAMIENTO | E17: 2025 | F17: 2026 | G17: 2027 | H17: 2028 | I17: 2029 | J17: 2030 | K17: 2031
E18: =_xlfn.XLOOKUP($A$2,'PRTSEN YARACUY (ACTUALIZADO)'!$AD$1:$AD$73,'PRTSEN YARACUY (ACTUALIZADO)'!W1:W73,"0",0) -> 0 | F18: =_xlfn.XLOOKUP($A$2,'PRTSEN YARACUY (ACTUALIZADO)'!$AD$1:$AD$73,'PRTSEN YARACUY (ACTUALIZADO)'!X1:X73,"0",0) -> 286743.75 | G18: =_xlfn.XLOOKUP($A$2,'PRTSEN YARACUY (ACTUALIZADO)'!$AD$1:$AD$73,'PRTSEN YARACUY (ACTUALIZADO)'!Y1:Y73,"0",0) -> 0 | H18: =_xlfn.XLOOKUP($A$2,'PRTSEN YARACUY (ACTUALIZADO)'!$AD$1:$AD$73,'PRTSEN YARACUY (ACTUALIZADO)'!Z1:Z73,"0",0) -> 0 | I18: =_xlfn.XLOOKUP($A$2,'PRTSEN YARACUY (ACTUALIZADO)'!$AD$1:$AD$73,'PRTSEN YARACUY (ACTUALIZADO)'!AA1:AA73,"0",0) -> 0 | J18: =_xlfn.XLOOKUP($A$2,'PRTSEN YARACUY (ACTUALIZADO)'!$AD$1:$AD$73,'PRTSEN YARACUY (ACTUALIZADO)'!AB1:AB73,"0",0) -> 0 | K18: =_xlfn.XLOOKUP($A$2,'PRTSEN YARACUY (ACTUALIZADO)'!$AD$1:$AD$73,'PRTSEN YARACUY (ACTUALIZADO)'!AC1:AC73,"0",0) -> 0
A19: OBSERVACIONES
A20: =IF(_xlfn.XLOOKUP(A2,'PRTSEN YARACUY (ACTUALIZADO)'!AD1:AD73,'PRTSEN YARACUY (ACTUALIZADO)'!AF1:AF73,"",0)=0,"",_xlfn.XLOOKUP(A2,'PRTSEN YARACUY (ACTUALIZADO)'!AD1:AD73,'PRTSEN YARACUY (ACTUALIZADO)'!AF1:AF73,"",0))

Sheet PRT-YARACUY-18
A1: PRT-ESTADO-NNN
A2: PRT-YARACUY-18
A3: ESTADO | B3: MUNICIPIO | C3: DIRECCION | E3: SITUACION ACTUAL DEL PROYECTO | F3: FASE DEL PROYECTO | G3: TIPO DE INSTALACIÓN | H3: NOMBRE DE LA INSTALACIÓN | I3: NIVEL DE TENSIÓN | J3: UNIDAD DE MEDIDA ( MVA, MW, km) | K3: CAPACIDAD KM o MVAR
A4: =_xlfn.XLOOKUP(A2,'PRTSEN YARACUY (ACTUALIZADO)'!AD1:AD73,'PRTSEN YARACUY (ACTUALIZADO)'!P1:P73,"NO EXISTE",0) -> YARACUY | B4: =_xlfn.XLOOKUP(A2,'PRTSEN YARACUY (ACTUALIZADO)'!AD1:AD73,'PRTSEN YARACUY (ACTUALIZADO)'!Q1:Q73,"NO EXISTE",0) -> SIMÓN PLANAS | C4: =_xlfn.XLOOKUP(A2,'PRTSEN YARACUY (ACTUALIZADO)'!AD1:AD73,'PRTSEN YARACUY (ACTUALIZADO)'!R1:R73,"NO EXISTE",0) -> YARITAGUA | E4: =_xlfn.XLOOKUP(A2,'PRTSEN YARACUY (ACTUALIZADO)'!AD1:AD73,'PRTSEN YARACUY (ACTUALIZADO)'!E1:E73,"NO EXISTE",0) -> PENDIENTE | F4: =_xlfn.XLOOKUP(A2,'PRTSEN YARACUY (ACTUALIZADO)'!AD1:AD73,'PRTSEN YARACUY (ACTUALIZADO)'!I1:I73,"NO EXISTE",0) -> INGENIERIA CONCEPTUAL | G4: =_xlfn.XLOOKUP(A2,'PRTSEN YARACUY (ACTUALIZADO)'!AD1:AD73,'PRTSEN YARACUY (ACTUALIZADO)'!K1:K73,"NO EXISTE",0) -> CIRCUITO | H4: =_xlfn.XLOOKUP(A2,'PRTSEN YARACUY (ACTUALIZADO)'!AD1:AD73,'PRTSEN YARACUY (ACTUALIZADO)'!L1:L73,"NO EXISTE",0) -> YARITAGUA | I4: =_xlfn.XLOOKUP(A2,'PRTSEN YARACUY (ACTUALIZADO)'!AD1:AD73,'PRTSEN YARACUY (ACTUALIZADO)'!M1:M73,"NO EXISTE",0) -> 13,8 KV | J4: =_xlfn.XLOOKUP(A2,'PRTSEN YARACUY (ACTUALIZADO)'!AD1:AD73,'PRTSEN YARACUY (ACTUALIZADO)'!N1:N73,"NO EXISTE",0) -> KM | K4: =_xlfn.XLOOKUP(A2,'PRTSEN YARACUY (ACTUALIZADO)'!AD1:AD73,'PRTSEN YARACUY (ACTUALIZADO)'!O1:O73,"NO EXISTE",0) -> 4.5
A5: NOMBRE DEL PROYECTO | E5: FOTOGRAFIA
A6: =_xlfn.XLOOKUP(A2,'PRTSEN YARACUY (ACTUALIZADO)'!AD1:AD73,'PRTSEN YARACUY (ACTUALIZADO)'!B1:B73,"NO EXISTE",0) -> ADECUACIÓN CAMBIO DE CALIBRE CTO. MANZANITA
A7: DESCRIPCION DEL PROYECTO
A8: =_xlfn.XLOOKUP(A2,'PRTSEN YARACUY (ACTUALIZADO)'!AD1:AD73,'PRTSEN YARACUY (ACTUALIZADO)'!C1:C73,"NO EXISTE",0) -> ADECUACIÓN: CAMBIO DE CALIBRE A 336 MCM DEL CIRCUITO MANZANITA EN 13,8 KV. S/E YARITAGUA
A9: ALCANCE DEL PROYECTO
A10: =_xlfn.XLOOKUP(A2,'PRTSEN YARACUY (ACTUALIZADO)'!AD1:AD73,'PRTSEN YARACUY (ACTUALIZADO)'!D1:D73,"NO EXISTE",0) -> ADECUACIÓN: CAMBIO DE CALIBRE A 336 MCM DEL CIRCUITO MANZANITA EN 13,8 KV TRAMOS EL MOLINO- MANZANITA. S/E YARITAGUA. 4,5 KM
A11: IMPACTO PARA EL SEN
A12: =_xlfn.XLOOKUP(A2,'PRTSEN YARACUY (ACTUALIZADO)'!AD1:AD73,'PRTSEN YARACUY (ACTUALIZADO)'!F1:F73,"NO EXISTE",0) -> EL PROYECTO DE ADECUACIÓN DE LÍNEAS DE MEDIA TENSIÓN OPTIMIZA LA INFRAESTRUCTURA ELÉCTRICA MEDIANTE LA MODERNIZACIÓN DE CONDUCTORES, ESTRUCTURAS Y AISLADORES, MEJORANDO LA CAPACIDAD DE CARGA Y REDUCIENDO PÉRDIDAS POR EFECTO JOULE. SU IMPACTO SE TRADUCE EN *MAYOR EFICIENCIA ENERGÉTICA, REDUCCIÓN DE FALLAS Y AUMENTO DE LA CONFIABILIDAD DEL SISTEMA*, BENEFICIANDO TANTO A USUARIOS INDUSTRIALES COMO RESIDENCIALES, AL GARANTIZAR UNA DISTRIBUCIÓN ESTABLE Y SEGURA DE LA ENERGÍA. ADEMÁS, DISMINUYE COSTOS DE MANTENIMIENTO Y CONTRIBUYE A LA SOSTENIBILIDAD DEL SERVICIO ELÉCTRICO.
A13: NÙMERO DE FAMILIAS BENEFICIADAS
A15: PERIODO DE EJECUCIÓN | B15: LAPSO DE EJECUCION (EN MESES) | C15: INICIO | D15: FIN
B16: =(YEAR(D16)-YEAR(C16))*12 + MONTH(D16)-MONTH(C16) -> 2 | C16: =_xlfn.XLOOKUP(A2,'PRTSEN YARACUY (ACTUALIZADO)'!AD1:AD73,'PRTSEN YARACUY (ACTUALIZADO)'!U1:U73,"SIN FECHA",0) -> 3/3/2026 | D16: =_xlfn.XLOOKUP(A2,'PRTSEN YARACUY (ACTUALIZADO)'!AD1:AD73,'PRTSEN YARACUY (ACTUALIZADO)'!V1:V73,"SIN FECHA",0) -> 3/5/2026
A17: MONTO DE INVERSION ($) | B17: =_xlfn.XLOOKUP(A2,'PRTSEN YARACUY (ACTUALIZADO)'!AD1:AD73,'PRTSEN YARACUY (ACTUALIZADO)'!G1:G73,"SIN CALCULOS",0) -> 286743.75 | C17: FUENTE DE FINANCIAMIENTO | E17: 2025 | F17: 2026 | G17: 2027 | H17: 2028 | I17: 2029 | J17: 2030 | K17: 2031
E18: =_xlfn.XLOOKUP($A$2,'PRTSEN YARACUY (ACTUALIZADO)'!$AD$1:$AD$73,'PRTSEN YARACUY (ACTUALIZADO)'!W1:W73,"0",0) -> 0 | F18: =_xlfn.XLOOKUP($A$2,'PRTSEN YARACUY (ACTUALIZADO)'!$AD$1:$AD$73,'PRTSEN YARACUY (ACTUALIZADO)'!X1:X73,"0",0) -> 286743.75 | G18: =_xlfn.XLOOKUP($A$2,'PRTSEN YARACUY (ACTUALIZADO)'!$AD$1:$AD$73,'PRTSEN YARACUY (ACTUALIZADO)'!Y1:Y73,"0",0) -> 0 | H18: =_xlfn.XLOOKUP($A$2,'PRTSEN YARACUY (ACTUALIZADO)'!$AD$1:$AD$73,'PRTSEN YARACUY (ACTUALIZADO)'!Z1:Z73,"0",0) -> 0 | I18: =_xlfn.XLOOKUP($A$2,'PRTSEN YARACUY (ACTUALIZADO)'!$AD$1:$AD$73,'PRTSEN YARACUY (ACTUALIZADO)'!AA1:AA73,"0",0) -> 0 | J18: =_xlfn.XLOOKUP($A$2,'PRTSEN YARACUY (ACTUALIZADO)'!$AD$1:$AD$73,'PRTSEN YARACUY (ACTUALIZADO)'!AB1:AB73,"0",0) -> 0 | K18: =_xlfn.XLOOKUP($A$2,'PRTSEN YARACUY (ACTUALIZADO)'!$AD$1:$AD$73,'PRTSEN YARACUY (ACTUALIZADO)'!AC1:AC73,"0",0) -> 0
A19: OBSERVACIONES
A20: =IF(_xlfn.XLOOKUP(A2,'PRTSEN YARACUY (ACTUALIZADO)'!AD1:AD73,'PRTSEN YARACUY (ACTUALIZADO)'!AF1:AF73,"",0)=0,"",_xlfn.XLOOKUP(A2,'PRTSEN YARACUY (ACTUALIZADO)'!AD1:AD73,'PRTSEN YARACUY (ACTUALIZADO)'!AF1:AF73,"",0))

Sheet PRT-YARACUY-19
A1: PRT-ESTADO-NNN
A2: PRT-YARACUY-19
A3: ESTADO | B3: MUNICIPIO | C3: DIRECCION | E3: SITUACION ACTUAL DEL PROYECTO | F3: FASE DEL PROYECTO | G3: TIPO DE INSTALACIÓN | H3: NOMBRE DE LA INSTALACIÓN | I3: NIVEL DE TENSIÓN | J3: UNIDAD DE MEDIDA ( MVA, MW, km) | K3: CAPACIDAD KM o MVAR
A4: =_xlfn.XLOOKUP(A2,'PRTSEN YARACUY (ACTUALIZADO)'!AD1:AD73,'PRTSEN YARACUY (ACTUALIZADO)'!P1:P73,"NO EXISTE",0) -> YARACUY | B4: =_xlfn.XLOOKUP(A2,'PRTSEN YARACUY (ACTUALIZADO)'!AD1:AD73,'PRTSEN YARACUY (ACTUALIZADO)'!Q1:Q73,"NO EXISTE",0) -> BRUZUAL | C4: =_xlfn.XLOOKUP(A2,'PRTSEN YARACUY (ACTUALIZADO)'!AD1:AD73,'PRTSEN YARACUY (ACTUALIZADO)'!R1:R73,"NO EXISTE",0) -> CHIVACOA | E4: =_xlfn.XLOOKUP(A2,'PRTSEN YARACUY (ACTUALIZADO)'!AD1:AD73,'PRTSEN YARACUY (ACTUALIZADO)'!E1:E73,"NO EXISTE",0) -> PENDIENTE | F4: =_xlfn.XLOOKUP(A2,'PRTSEN YARACUY (ACTUALIZADO)'!AD1:AD73,'PRTSEN YARACUY (ACTUALIZADO)'!I1:I73,"NO EXISTE",0) -> INGENIERIA CONCEPTUAL | G4: =_xlfn.XLOOKUP(A2,'PRTSEN YARACUY (ACTUALIZADO)'!AD1:AD73,'PRTSEN YARACUY (ACTUALIZADO)'!K1:K73,"NO EXISTE",0) -> CIRCUITO | H4: =_xlfn.XLOOKUP(A2,'PRTSEN YARACUY (ACTUALIZADO)'!AD1:AD73,'PRTSEN YARACUY (ACTUALIZADO)'!L1:L73,"NO EXISTE",0) -> CHIVACOA | I4: =_xlfn.XLOOKUP(A2,'PRTSEN YARACUY (ACTUALIZADO)'!AD1:AD73,'PRTSEN YARACUY (ACTUALIZADO)'!M1:M73,"NO EXISTE",0) -> 34,5 KV | J4: =_xlfn.XLOOKUP(A2,'PRTSEN YARACUY (ACTUALIZADO)'!AD1:AD73,'PRTSEN YARACUY (ACTUALIZADO)'!N1:N73,"NO EXISTE",0) -> MVA | K4: =_xlfn.XLOOKUP(A2,'PRTSEN YARACUY (ACTUALIZADO)'!AD1:AD73,'PRTSEN YARACUY (ACTUALIZADO)'!O1:O73,"NO EXISTE",0) -> 15
A5: NOMBRE DEL PROYECTO | E5: FOTOGRAFIA
A6: =_xlfn.XLOOKUP(A2,'PRTSEN YARACUY (ACTUALIZADO)'!AD1:AD73,'PRTSEN YARACUY (ACTUALIZADO)'!B1:B73,"NO EXISTE",0) -> ADECUACIÓN CTO. SALIDAS 34,5 S/E CHIVACOA
A7: DESCRIPCION DEL PROYECTO
A8: =_xlfn.XLOOKUP(A2,'PRTSEN YARACUY (ACTUALIZADO)'!AD1:AD73,'PRTSEN YARACUY (ACTUALIZADO)'!C1:C73,"NO EXISTE",0) -> SUMINISTRO DE EQUIPOS, ADECUACIÓN DE SALIDA 34,5 KV EN S/E CHIVACOA. INCLUYE SUMINISTRO E INSTALACIÓN DE INTERRUPTOR DE POTENCIA Y EQUIPO DE MEDICIÓN, MANDO Y CONTROL
A9: ALCANCE DEL PROYECTO
A10: =_xlfn.XLOOKUP(A2,'PRTSEN YARACUY (ACTUALIZADO)'!AD1:AD73,'PRTSEN YARACUY (ACTUALIZADO)'!D1:D73,"NO EXISTE",0) -> SUMINISTRO DE EQUIPOS, ADECUACIÓN DE SALIDA 34,5 KV EN S/E CHIVACOA. INCLUYE SUMINISTRO E INSTALACIÓN DE INTERRUPTOR DE POTENCIA Y EQUIPO DE MEDICIÓN, MANDO Y CONTROL
A11: IMPACTO PARA EL SEN
A12: =_xlfn.XLOOKUP(A2,'PRTSEN YARACUY (ACTUALIZADO)'!AD1:AD73,'PRTSEN YARACUY (ACTUALIZADO)'!F1:F73,"NO EXISTE",0) -> EL PROYECTO DE ADECUACIÓN DE LÍNEAS DE MEDIA TENSIÓN OPTIMIZA LA INFRAESTRUCTURA ELÉCTRICA MEDIANTE LA MODERNIZACIÓN DE CONDUCTORES, ESTRUCTURAS Y AISLADORES, MEJORANDO LA CAPACIDAD DE CARGA Y REDUCIENDO PÉRDIDAS POR EFECTO JOULE. SU IMPACTO SE TRADUCE EN *MAYOR EFICIENCIA ENERGÉTICA, REDUCCIÓN DE FALLAS Y AUMENTO DE LA CONFIABILIDAD DEL SISTEMA*, BENEFICIANDO TANTO A USUARIOS INDUSTRIALES COMO RESIDENCIALES, AL GARANTIZAR UNA DISTRIBUCIÓN ESTABLE Y SEGURA DE LA ENERGÍA. ADEMÁS, DISMINUYE COSTOS DE MANTENIMIENTO Y CONTRIBUYE A LA SOSTENIBILIDAD DEL SERVICIO ELÉCTRICO.
A13: NÙMERO DE FAMILIAS BENEFICIADAS
A15: PERIODO DE EJECUCIÓN | B15: LAPSO DE EJECUCION (EN MESES) | C15: INICIO | D15: FIN
B16: =(YEAR(D16)-YEAR(C16))*12 + MONTH(D16)-MONTH(C16) -> 5 | C16: =_xlfn.XLOOKUP(A2,'PRTSEN YARACUY (ACTUALIZADO)'!AD1:AD73,'PRTSEN YARACUY (ACTUALIZADO)'!U1:U73,"SIN FECHA",0) -> 3/3/2026 | D16: =_xlfn.XLOOKUP(A2,'PRTSEN YARACUY (ACTUALIZADO)'!AD1:AD73,'PRTSEN YARACUY (ACTUALIZADO)'!V1:V73,"SIN FECHA",0) -> 3/8/2026
A17: MONTO DE INVERSION ($) | B17: =_xlfn.XLOOKUP(A2,'PRTSEN YARACUY (ACTUALIZADO)'!AD1:AD73,'PRTSEN YARACUY (ACTUALIZADO)'!G1:G73,"SIN CALCULOS",0) -> 286743.75 | C17: FUENTE DE FINANCIAMIENTO | E17: 2025 | F17: 2026 | G17: 2027 | H17: 2028 | I17: 2029 | J17: 2030 | K17: 2031
E18: =_xlfn.XLOOKUP($A$2,'PRTSEN YARACUY (ACTUALIZADO)'!$AD$1:$AD$73,'PRTSEN YARACUY (ACTUALIZADO)'!W1:W73,"0",0) -> 0 | F18: =_xlfn.XLOOKUP($A$2,'PRTSEN YARACUY (ACTUALIZADO)'!$AD$1:$AD$73,'PRTSEN YARACUY (ACTUALIZADO)'!X1:X73,"0",0) -> 286743.75 | G18: =_xlfn.XLOOKUP($A$2,'PRTSEN YARACUY (ACTUALIZADO)'!$AD$1:$AD$73,'PRTSEN YARACUY (ACTUALIZADO)'!Y1:Y73,"0",0) -> 0 | H18: =_xlfn.XLOOKUP($A$2,'PRTSEN YARACUY (ACTUALIZADO)'!$AD$1:$AD$73,'PRTSEN YARACUY (ACTUALIZADO)'!Z1:Z73,"0",0) -> 0 | I18: =_xlfn.XLOOKUP($A$2,'PRTSEN YARACUY (ACTUALIZADO)'!$AD$1:$AD$73,'PRTSEN YARACUY (ACTUALIZADO)'!AA1:AA73,"0",0) -> 0 | J18: =_xlfn.XLOOKUP($A$2,'PRTSEN YARACUY (ACTUALIZADO)'!$AD$1:$AD$73,'PRTSEN YARACUY (ACTUALIZADO)'!AB1:AB73,"0",0) -> 0 | K18: =_xlfn.XLOOKUP($A$2,'PRTSEN YARACUY (ACTUALIZADO)'!$AD$1:$AD$73,'PRTSEN YARACUY (ACTUALIZADO)'!AC1:AC73,"0",0) -> 0
A19: OBSERVACIONES
A20: =IF(_xlfn.XLOOKUP(A2,'PRTSEN YARACUY (ACTUALIZADO)'!AD1:AD73,'PRTSEN YARACUY (ACTUALIZADO)'!AF1:AF73,"",0)=0,"",_xlfn.XLOOKUP(A2,'PRTSEN YARACUY (ACTUALIZADO)'!AD1:AD73,'PRTSEN YARACUY (ACTUALIZADO)'!AF1:AF73,"",0))

Sheet PRT-YARACUY-20
A1: PRT-ESTADO-NNN
A2: PRT-YARACUY-20
A3: ESTADO | B3: MUNICIPIO | C3: DIRECCION | E3: SITUACION ACTUAL DEL PROYECTO | F3: FASE DEL PROYECTO | G3: TIPO DE INSTALACIÓN | H3: NOMBRE DE LA INSTALACIÓN | I3: NIVEL DE TENSIÓN | J3: UNIDAD DE MEDIDA ( MVA, MW, km) | K3: CAPACIDAD KM o MVAR
A4: =_xlfn.XLOOKUP(A2,'PRTSEN YARACUY (ACTUALIZADO)'!AD1:AD73,'PRTSEN YARACUY (ACTUALIZADO)'!P1:P73,"NO EXISTE",0) -> YARACUY | B4: =_xlfn.XLOOKUP(A2,'PRTSEN YARACUY (ACTUALIZADO)'!AD1:AD73,'PRTSEN YARACUY (ACTUALIZADO)'!Q1:Q73,"NO EXISTE",0) -> PEÑA | C4: =_xlfn.XLOOKUP(A2,'PRTSEN YARACUY (ACTUALIZADO)'!AD1:AD73,'PRTSEN YARACUY (ACTUALIZADO)'!R1:R73,"NO EXISTE",0) -> YARITAGUA | E4: =_xlfn.XLOOKUP(A2,'PRTSEN YARACUY (ACTUALIZADO)'!AD1:AD73,'PRTSEN YARACUY (ACTUALIZADO)'!E1:E73,"NO EXISTE",0) -> PENDIENTE | F4: =_xlfn.XLOOKUP(A2,'PRTSEN YARACUY (ACTUALIZADO)'!AD1:AD73,'PRTSEN YARACUY (ACTUALIZADO)'!I1:I73,"NO EXISTE",0) -> INGENIERIA CONCEPTUAL | G4: =_xlfn.XLOOKUP(A2,'PRTSEN YARACUY (ACTUALIZADO)'!AD1:AD73,'PRTSEN YARACUY (ACTUALIZADO)'!K1:K73,"NO EXISTE",0) -> CIRCUITO | H4: =_xlfn.XLOOKUP(A2,'PRTSEN YARACUY (ACTUALIZADO)'!AD1:AD73,'PRTSEN YARACUY (ACTUALIZADO)'!L1:L73,"NO EXISTE",0) -> YARITAGUA | I4: =_xlfn.XLOOKUP(A2,'PRTSEN YARACUY (ACTUALIZADO)'!AD1:AD73,'PRTSEN YARACUY (ACTUALIZADO)'!M1:M73,"NO EXISTE",0) -> 13,8 KV | J4: =_xlfn.XLOOKUP(A2,'PRTSEN YARACUY (ACTUALIZADO)'!AD1:AD73,'PRTSEN YARACUY (ACTUALIZADO)'!N1:N73,"NO EXISTE",0) -> KM | K4: =_xlfn.XLOOKUP(A2,'PRTSEN YARACUY (ACTUALIZADO)'!AD1:AD73,'PRTSEN YARACUY (ACTUALIZADO)'!O1:O73,"NO EXISTE",0) -> 5.7
A5: NOMBRE DEL PROYECTO | E5: FOTOGRAFIA
A6: =_xlfn.XLOOKUP(A2,'PRTSEN YARACUY (ACTUALIZADO)'!AD1:AD73,'PRTSEN YARACUY (ACTUALIZADO)'!B1:B73,"NO EXISTE",0) -> ADECUACIÓN CAMBIO DE CALIBRE CTO. EL PALMAR
A7: DESCRIPCION DEL PROYECTO
A8: =_xlfn.XLOOKUP(A2,'PRTSEN YARACUY (ACTUALIZADO)'!AD1:AD73,'PRTSEN YARACUY (ACTUALIZADO)'!C1:C73,"NO EXISTE",0) -> CAMBIO DE CALIBRE Y REUBICACIÓN CIRCUITO EL PALMAR. S/E YARITAGUA
A9: ALCANCE DEL PROYECTO
A10: =_xlfn.XLOOKUP(A2,'PRTSEN YARACUY (ACTUALIZADO)'!AD1:AD73,'PRTSEN YARACUY (ACTUALIZADO)'!D1:D73,"NO EXISTE",0) -> CAMBIO DE CALIBRE DE CONDUCTOR A 4/0 Y REUBICACIÓN DE CIRCUITO EL PALMAR EN 13.8 KV TRAMO DESDE LOS INVERNADEROS HASTA LA RECTA DE ARENALES. S/E YARITAGUA
A11: IMPACTO PARA EL SEN
A12: =_xlfn.XLOOKUP(A2,'PRTSEN YARACUY (ACTUALIZADO)'!AD1:AD73,'PRTSEN YARACUY (ACTUALIZADO)'!F1:F73,"NO EXISTE",0) -> EL PROYECTO DE ADECUACIÓN DE LÍNEAS DE MEDIA TENSIÓN OPTIMIZA LA INFRAESTRUCTURA ELÉCTRICA MEDIANTE LA MODERNIZACIÓN DE CONDUCTORES, ESTRUCTURAS Y AISLADORES, MEJORANDO LA CAPACIDAD DE CARGA Y REDUCIENDO PÉRDIDAS POR EFECTO JOULE. SU IMPACTO SE TRADUCE EN *MAYOR EFICIENCIA ENERGÉTICA, REDUCCIÓN DE FALLAS Y AUMENTO DE LA CONFIABILIDAD DEL SISTEMA*, BENEFICIANDO TANTO A USUARIOS INDUSTRIALES COMO RESIDENCIALES, AL GARANTIZAR UNA DISTRIBUCIÓN ESTABLE Y SEGURA DE LA ENERGÍA. ADEMÁS, DISMINUYE COSTOS DE MANTENIMIENTO Y CONTRIBUYE A LA SOSTENIBILIDAD DEL SERVICIO ELÉCTRICO.
A13: NÙMERO DE FAMILIAS BENEFICIADAS
A15: PERIODO DE EJECUCIÓN | B15: LAPSO DE EJECUCION (EN MESES) | C15: INICIO | D15: FIN
B16: =(YEAR(D16)-YEAR(C16))*12 + MONTH(D16)-MONTH(C16) -> 2 | C16: =_xlfn.XLOOKUP(A2,'PRTSEN YARACUY (ACTUALIZADO)'!AD1:AD73,'PRTSEN YARACUY (ACTUALIZADO)'!U1:U73,"SIN FECHA",0) -> 3/3/2027 | D16: =_xlfn.XLOOKUP(A2,'PRTSEN YARACUY (ACTUALIZADO)'!AD1:AD73,'PRTSEN YARACUY (ACTUALIZADO)'!V1:V73,"SIN FECHA",0) -> 3/5/2027
A17: MONTO DE INVERSION ($) | B17: =_xlfn.XLOOKUP(A2,'PRTSEN YARACUY (ACTUALIZADO)'!AD1:AD73,'PRTSEN YARACUY (ACTUALIZADO)'!G1:G73,"SIN CALCULOS",0) -> 217925.25 | C17: FUENTE DE FINANCIAMIENTO | E17: 2025 | F17: 2026 | G17: 2027 | H17: 2028 | I17: 2029 | J17: 2030 | K17: 2031
E18: =_xlfn.XLOOKUP($A$2,'PRTSEN YARACUY (ACTUALIZADO)'!$AD$1:$AD$73,'PRTSEN YARACUY (ACTUALIZADO)'!W1:W73,"0",0) -> 0 | F18: =_xlfn.XLOOKUP($A$2,'PRTSEN YARACUY (ACTUALIZADO)'!$AD$1:$AD$73,'PRTSEN YARACUY (ACTUALIZADO)'!X1:X73,"0",0) -> 0 | G18: =_xlfn.XLOOKUP($A$2,'PRTSEN YARACUY (ACTUALIZADO)'!$AD$1:$AD$73,'PRTSEN YARACUY (ACTUALIZADO)'!Y1:Y73,"0",0) -> 217925.25 | H18: =_xlfn.XLOOKUP($A$2,'PRTSEN YARACUY (ACTUALIZADO)'!$AD$1:$AD$73,'PRTSEN YARACUY (ACTUALIZADO)'!Z1:Z73,"0",0) -> 0 | I18: =_xlfn.XLOOKUP($A$2,'PRTSEN YARACUY (ACTUALIZADO)'!$AD$1:$AD$73,'PRTSEN YARACUY (ACTUALIZADO)'!AA1:AA73,"0",0) -> 0 | J18: =_xlfn.XLOOKUP($A$2,'PRTSEN YARACUY (ACTUALIZADO)'!$AD$1:$AD$73,'PRTSEN YARACUY (ACTUALIZADO)'!AB1:AB73,"0",0) -> 0 | K18: =_xlfn.XLOOKUP($A$2,'PRTSEN YARACUY (ACTUALIZADO)'!$AD$1:$AD$73,'PRTSEN YARACUY (ACTUALIZADO)'!AC1:AC73,"0",0) -> 0
A19: OBSERVACIONES
A20: =IF(_xlfn.XLOOKUP(A2,'PRTSEN YARACUY (ACTUALIZADO)'!AD1:AD73,'PRTSEN YARACUY (ACTUALIZADO)'!AF1:AF73,"",0)=0,"",_xlfn.XLOOKUP(A2,'PRTSEN YARACUY (ACTUALIZADO)'!AD1:AD73,'PRTSEN YARACUY (ACTUALIZADO)'!AF1:AF73,"",0))

Sheet PRT-YARACUY-21
A1: PRT-ESTADO-NNN
A2: PRT-YARACUY-21
A3: ESTADO | B3: MUNICIPIO | C3: DIRECCION | E3: SITUACION ACTUAL DEL PROYECTO | F3: FASE DEL PROYECTO | G3: TIPO DE INSTALACIÓN | H3: NOMBRE DE LA INSTALACIÓN | I3: NIVEL DE TENSIÓN | J3: UNIDAD DE MEDIDA ( MVA, MW, km) | K3: CAPACIDAD KM o MVAR
A4: =_xlfn.XLOOKUP(A2,'PRTSEN YARACUY (ACTUALIZADO)'!AD1:AD73,'PRTSEN YARACUY (ACTUALIZADO)'!P1:P73,"NO EXISTE",0) -> YARACUY | B4: =_xlfn.XLOOKUP(A2,'PRTSEN YARACUY (ACTUALIZADO)'!AD1:AD73,'PRTSEN YARACUY (ACTUALIZADO)'!Q1:Q73,"NO EXISTE",0) -> MANUEL MONGE | C4: =_xlfn.XLOOKUP(A2,'PRTSEN YARACUY (ACTUALIZADO)'!AD1:AD73,'PRTSEN YARACUY (ACTUALIZADO)'!R1:R73,"NO EXISTE",0) -> YUMARE | E4: =_xlfn.XLOOKUP(A2,'PRTSEN YARACUY (ACTUALIZADO)'!AD1:AD73,'PRTSEN YARACUY (ACTUALIZADO)'!E1:E73,"NO EXISTE",0) -> PENDIENTE | F4: =_xlfn.XLOOKUP(A2,'PRTSEN YARACUY (ACTUALIZADO)'!AD1:AD73,'PRTSEN YARACUY (ACTUALIZADO)'!I1:I73,"NO EXISTE",0) -> INGENIERIA CONCEPTUAL | G4: =_xlfn.XLOOKUP(A2,'PRTSEN YARACUY (ACTUALIZADO)'!AD1:AD73,'PRTSEN YARACUY (ACTUALIZADO)'!K1:K73,"NO EXISTE",0) -> CIRCUITO | H4: =_xlfn.XLOOKUP(A2,'PRTSEN YARACUY (ACTUALIZADO)'!AD1:AD73,'PRTSEN YARACUY (ACTUALIZADO)'!L1:L73,"NO EXISTE",0) -> PALMA SOLA | I4: =_xlfn.XLOOKUP(A2,'PRTSEN YARACUY (ACTUALIZADO)'!AD1:AD73,'PRTSEN YARACUY (ACTUALIZADO)'!M1:M73,"NO EXISTE",0) -> 13,8 KV | J4: =_xlfn.XLOOKUP(A2,'PRTSEN YARACUY (ACTUALIZADO)'!AD1:AD73,'PRTSEN YARACUY (ACTUALIZADO)'!N1:N73,"NO EXISTE",0) -> KM | K4: =_xlfn.XLOOKUP(A2,'PRTSEN YARACUY (ACTUALIZADO)'!AD1:AD73,'PRTSEN YARACUY (ACTUALIZADO)'!O1:O73,"NO EXISTE",0) -> 8
A5: NOMBRE DEL PROYECTO | E5: FOTOGRAFIA
A6: =_xlfn.XLOOKUP(A2,'PRTSEN YARACUY (ACTUALIZADO)'!AD1:AD73,'PRTSEN YARACUY (ACTUALIZADO)'!B1:B73,"NO EXISTE",0) -> ADECUACIÓN CAMBIO DE CALIBRE CTO. YUMARE EXPRESS - YUMARITO
A7: DESCRIPCION DEL PROYECTO
A8: =_xlfn.XLOOKUP(A2,'PRTSEN YARACUY (ACTUALIZADO)'!AD1:AD73,'PRTSEN YARACUY (ACTUALIZADO)'!C1:C73,"NO EXISTE",0) -> CAMBIO DE CALIBRE A 2/0 AL Y REUBICACIÓN CIRCUITO YUMARE EXPRESO. S/E PALMASOLA
A9: ALCANCE DEL PROYECTO
A10: =_xlfn.XLOOKUP(A2,'PRTSEN YARACUY (ACTUALIZADO)'!AD1:AD73,'PRTSEN YARACUY (ACTUALIZADO)'!D1:D73,"NO EXISTE",0) -> CAMBIO DE CALIBRE Y REUBICACIÓN CIRCUITO YUMARE EXPRESO 13,8 KV CONDUCTOR DE CU # 4, AL 2, AL 1/0 POR AL 2/0 Y HERRAJE DE 8 KM EN CEMENTERIO YUMARITO ARRANQUE DERIVACIÓN LA 13 SOCREMO. S/E PALMASOLA
A11: IMPACTO PARA EL SEN
A12: =_xlfn.XLOOKUP(A2,'PRTSEN YARACUY (ACTUALIZADO)'!AD1:AD73,'PRTSEN YARACUY (ACTUALIZADO)'!F1:F73,"NO EXISTE",0) -> EL PROYECTO DE ADECUACIÓN DE LÍNEAS DE MEDIA TENSIÓN OPTIMIZA LA INFRAESTRUCTURA ELÉCTRICA MEDIANTE LA MODERNIZACIÓN DE CONDUCTORES, ESTRUCTURAS Y AISLADORES, MEJORANDO LA CAPACIDAD DE CARGA Y REDUCIENDO PÉRDIDAS POR EFECTO JOULE. SU IMPACTO SE TRADUCE EN *MAYOR EFICIENCIA ENERGÉTICA, REDUCCIÓN DE FALLAS Y AUMENTO DE LA CONFIABILIDAD DEL SISTEMA*, BENEFICIANDO TANTO A USUARIOS INDUSTRIALES COMO RESIDENCIALES, AL GARANTIZAR UNA DISTRIBUCIÓN ESTABLE Y SEGURA DE LA ENERGÍA. ADEMÁS, DISMINUYE COSTOS DE MANTENIMIENTO Y CONTRIBUYE A LA SOSTENIBILIDAD DEL SERVICIO ELÉCTRICO.
A13: NÙMERO DE FAMILIAS BENEFICIADAS
A15: PERIODO DE EJECUCIÓN | B15: LAPSO DE EJECUCION (EN MESES) | C15: INICIO | D15: FIN
B16: =(YEAR(D16)-YEAR(C16))*12 + MONTH(D16)-MONTH(C16) -> 5 | C16: =_xlfn.XLOOKUP(A2,'PRTSEN YARACUY (ACTUALIZADO)'!AD1:AD73,'PRTSEN YARACUY (ACTUALIZADO)'!U1:U73,"SIN FECHA",0) -> 3/3/2026 | D16: =_xlfn.XLOOKUP(A2,'PRTSEN YARACUY (ACTUALIZADO)'!AD1:AD73,'PRTSEN YARACUY (ACTUALIZADO)'!V1:V73,"SIN FECHA",0) -> 3/8/2026
A17: MONTO DE INVERSION ($) | B17: =_xlfn.XLOOKUP(A2,'PRTSEN YARACUY (ACTUALIZADO)'!AD1:AD73,'PRTSEN YARACUY (ACTUALIZADO)'!G1:G73,"SIN CALCULOS",0) -> 305860 | C17: FUENTE DE FINANCIAMIENTO | E17: 2025 | F17: 2026 | G17: 2027 | H17: 2028 | I17: 2029 | J17: 2030 | K17: 2031
E18: =_xlfn.XLOOKUP($A$2,'PRTSEN YARACUY (ACTUALIZADO)'!$AD$1:$AD$73,'PRTSEN YARACUY (ACTUALIZADO)'!W1:W73,"0",0) -> 0 | F18: =_xlfn.XLOOKUP($A$2,'PRTSEN YARACUY (ACTUALIZADO)'!$AD$1:$AD$73,'PRTSEN YARACUY (ACTUALIZADO)'!X1:X73,"0",0) -> 305860 | G18: =_xlfn.XLOOKUP($A$2,'PRTSEN YARACUY (ACTUALIZADO)'!$AD$1:$AD$73,'PRTSEN YARACUY (ACTUALIZADO)'!Y1:Y73,"0",0) -> 0 | H18: =_xlfn.XLOOKUP($A$2,'PRTSEN YARACUY (ACTUALIZADO)'!$AD$1:$AD$73,'PRTSEN YARACUY (ACTUALIZADO)'!Z1:Z73,"0",0) -> 0 | I18: =_xlfn.XLOOKUP($A$2,'PRTSEN YARACUY (ACTUALIZADO)'!$AD$1:$AD$73,'PRTSEN YARACUY (ACTUALIZADO)'!AA1:AA73,"0",0) -> 0 | J18: =_xlfn.XLOOKUP($A$2,'PRTSEN YARACUY (ACTUALIZADO)'!$AD$1:$AD$73,'PRTSEN YARACUY (ACTUALIZADO)'!AB1:AB73,"0",0) -> 0 | K18: =_xlfn.XLOOKUP($A$2,'PRTSEN YARACUY (ACTUALIZADO)'!$AD$1:$AD$73,'PRTSEN YARACUY (ACTUALIZADO)'!AC1:AC73,"0",0) -> 0
A19: OBSERVACIONES
A20: =IF(_xlfn.XLOOKUP(A2,'PRTSEN YARACUY (ACTUALIZADO)'!AD1:AD73,'PRTSEN YARACUY (ACTUALIZADO)'!AF1:AF73,"",0)=0,"",_xlfn.XLOOKUP(A2,'PRTSEN YARACUY (ACTUALIZADO)'!AD1:AD73,'PRTSEN YARACUY (ACTUALIZADO)'!AF1:AF73,"",0))

Sheet PRT-YARACUY-22
A1: PRT-ESTADO-NNN
A2: PRT-YARACUY-22
A3: ESTADO | B3: MUNICIPIO | C3: DIRECCION | E3: SITUACION ACTUAL DEL PROYECTO | F3: FASE DEL PROYECTO | G3: TIPO DE INSTALACIÓN | H3: NOMBRE DE LA INSTALACIÓN | I3: NIVEL DE TENSIÓN | J3: UNIDAD DE MEDIDA ( MVA, MW, km) | K3: CAPACIDAD KM o MVAR
